,0,1,2,3,4,5,6,7,8,9,10,11,12,13,14,15,16,17,18,19,20,21,22,23,24,25,26,27,28,29,30,31,32,33,34,35,36,37,38,39,40,41,42,43,44,45,46,47,48,49,50,51,52,53,54,55,56,57,58,59,60,61,62,63,64,65,66,67,68,69,70,71,72,73,74,75,76,77,78,79,80,81,82,83,84,85,86,87,88,89,90,91,92,93,94,95,96,97,98,99,100,,
0,0.035652164,-0.23095312,0.093983737,-0.145652096,-0.00027695,-0.155427737,0.047277444,-0.079684767,0.153140153,-0.014248495,0.188314971,-0.108332244,0.200095823,0.033214239,0.059074933,-0.051624741,-0.14079662,0.108592682,-0.188315125,0.071003816,-0.518171923,0.09922556,-0.753623167,0.108581082,-0.059055217,0.155427737,-0.141092516,0.438655766,-0.140887807,0.693127478,0.035158798,-0.249838468,0.058910118,-0.240597863,0,0,0.141096829,-0.230857144,-0.129504357,0.750161563,-0.070509829,0.749908221,-0.14155261,0.721434307,-0.788527581,0.136866624,-0.799904177,0.099308856,-0.788506017,0.099287137,0.596739758,-0.245341314,0.020429059,-0.131237882,0.21108917,-0.122804614,0.020440758,0.065427827,0.595896729,-0.016309594,-0.057523609,-0.163768747,-0.210281612,-0.000157672,0,0,-0.020106414,0.155574586,0.020926424,0.163768801,0.135445963,0.425912661,-0.287089487,0.696351116,-0.211089044,0.147551977,0.325575627,0.393039441,-0.250290538,0.663598267,0.557268575,-0.254117178,0.634397334,-0.254363842,0.325238264,-0.253933433,0,0,0.250752053,0.712652509,0.249771664,0.688131498,-0.364909072,0.67990845,0.325906197,0.737462389,0.134726458,0.745636132,-0.365602666,0.728829674,0.50119841,0.197073778,0.167066137
1,0.531980814,-0.436636793,0.040104445,-0.397983233,0.309442893,-0.349380533,0.659290067,-0.028938303,0.690557003,-0.126640621,-0.229407178,-0.436946628,0.040133826,-0.135883028,0.452885931,-0.204060649,-0.07086743,0.436946564,0.182411985,0.427434583,0,0,0,0,-0.309442997,0.427262869,0,0,0,0,0.563636769,-0.495147103,0,0,0.437656226,-0.563053436,0,0,0,0,0,0,0,0,0,0,0,0,0,0,-0.54321705,-0.440291322,-0.122864877,-0.42628573,-0.017739529,-0.426090199,0.087535271,-0.013731133,0,0,-0.228343912,-0.426766273,-0.314715665,-0.093568003,-0.771656088,-0.173193208,0.104705877,0.413372654,0.228343912,0.399851529,0,0,0,0,-0.035073568,0.426766273,0,0,0,0,-0.612795034,-0.52003095,-0.490920844,-0.532532121,0,0,-0.314785347,-0.573233727,0,0,0,0,0,0,0,0,0,0,0,0,0.699784355,0.171429694,0.233261452
2,-0.119707305,-0.539712536,-0.035031038,-0.30974473,-0.415558743,-0.265468721,-0.302236482,0.017558902,0.021231082,-0.256813761,0.303183201,-0.327519449,0.584441257,-0.026460828,0.233049422,0.24758623,0.162447181,0.318767881,-0.077043035,0.327519394,0.006788043,0.398502709,0,0,0.41555883,0.309643438,0,0,0,0,-0.204522299,-0.601497291,-0.04891423,-0.601461675,-0.317131421,-0.592555991,0.063679373,-0.583743593,0,0,0,0,0,0,0,0,0,0,0,0,-0.287728057,-0.48865549,-0.020404901,-0.378929129,-0.198626184,-0.402322235,-0.568770912,-0.363244341,-0.801373648,-0.339796431,0.171177173,-0.370954388,0.143805053,0.073820509,-0.14382318,-0.222677405,0.089121855,0.402315456,-0.020698806,0.402295265,0,0,0,0,0.198626352,0.402322283,0,0,0,0,0,0,-0.274105482,-0.550521483,0,0,-0.137167656,-0.597677765,0,0,0,0,0,0,0,0,0,0,0,0,0.491855186,0.133820254,0.163951729
3,-0.592489105,-0.734754062,0.007585881,-0.006341786,-0.407510895,-0.117321907,0,0,0,0,0.407510895,0.117321907,0,0,0,0,0,0,0,0,0,0,0,0,0,0,0,0,0,0,-0.545823467,-0.882678055,-0.315623855,-0.759418274,0,0,0.084403223,-0.525232584,0,0,0,0,0,0,0,0,0,0,0,0,-0.202210621,-0.530482572,-0.036133047,-0.347947316,-0.249963908,-0.313379909,-0.452353339,0.086429056,-0.571243293,-0.173819117,0.167055381,-0.391217004,0.428756707,-0.139366098,-0.059617557,-0.156652851,0.083593938,0.391217111,-0.059744262,0.391201275,0,0,0,0,0.249963835,0.391205876,0.261929528,0.391063346,0,0,-0.26199856,-0.599589671,-0.11923101,-0.600027318,-0.333838591,-0.591226753,0.047031749,-0.608782889,0,0,0,0,0,0,0,0,0,0,0,0,0.680909484,0.104066276,0.226969828
4,-0.069657908,-0.556490893,-0.011959958,-0.339820876,-0.1926125,-0.3207428,-0.39692377,0.037369394,-0.553062259,-0.009252198,0.160053632,-0.377360077,0.446937741,-0.169843373,0.3405087,-0.339903279,0.061912145,0.358468907,-0.061326054,0.377359953,0,0,0,0,0.1926125,0.33946873,0,0,0,0,-0.126763115,-0.594449953,-0.036653893,-0.622406137,-0.159458423,-0.575532673,0.061590031,-0.622640047,0,0,0,0,0,0,0,0,0,0,0,0,0.194183683,-0.703962866,-0.016150586,-0.009869241,0.084538516,-0.091525168,0.668860747,-0.439337327,0.915461484,-0.908474698,-0.084538518,0.091525302,0,0,0,0,0,0,0,0,0,0,0,0,0,0,0,0,0,0,0.139094372,-0.826745397,0,0,-0.01624363,-0.703332974,0,0,0,0,0,0,0,0,0,0,0,0,0,0,0.543879928,0.268409236,0.181293309
5,-0.07300352,-0.535817275,-0.019368569,-0.356920903,-0.300000052,-0.321492953,-0.473305651,-0.06236383,0,0,0.300000052,-0.375043192,0.526694349,0.044328947,0.419859925,-0.240899213,0.06013974,0.348463363,-0.152687102,0.37504325,0,0,0,0,0.273228183,0.339316215,0,0,0,0,-0.152836912,-0.598442359,0.006529903,-0.59849801,-0.232727332,-0.62495675,0.166990732,-0.62491591,0,0,0,0,0,0,0,0,0,0,0,0,-0.166068537,-0.424110157,0,0,0,0,0.61088784,0.446081231,0.543912557,-0.035862147,0,0,0,0,0,0,0,0,0,0,0,0,0,0,0,0,0,0,0,0,-0.166391528,-0.503618973,0,0,-0.389112187,-0.553918745,0,0,0,0,0,0,0,0,0,0,0,0,0,0,0.506829565,0.506829565,0.168943188
6,-0.107328761,-0.295308576,0.044424099,-0.212095414,-0.107200574,-0.18190836,-0.398149642,-0.053071841,-0.398405518,-0.235046149,0.208891941,-0.227328419,0.385828991,0.007777832,0.019013679,-0.106012082,-0.120010454,0.212072325,-0.208891776,0.227328419,-0.234082756,0.628805254,0,0,-0.043849744,0.197157419,-0.614171009,0.144157076,-0.411270879,0.560557041,-0.145501032,-0.318005278,-0.082219595,-0.347890683,0,0,0.069658802,-0.371146932,-0.588191864,0.628642339,-0.49974313,0.628853117,-0.397831328,0.628660077,0,0,0,0,0,0,0.395128072,-0.406433896,0.011577553,-0.415767858,0.174427043,-0.484899574,0.453442384,-0.168757772,0.825572881,-0.158313235,-0.174427119,-0.337109803,0,0,0,0,0.023127328,0.474835096,-0.034801682,0.484899607,0,0,0,0,0.116425737,0.465201071,0,0,0,0,0.406928678,-0.455547257,0,0,0.337451415,-0.515100361,0,0,0,0,0,0,0,0,0,0,0,0,0,0,0.516211944,0.192811335,0.172070648
7,0.121250086,-0.243057848,0.066179765,-0.177566254,-0.120904959,-0.177569458,-0.121494709,-0.033113789,0.09382031,-0.111584156,0.148666227,-0.17736037,0.364567116,-0.072263426,0.309174943,-0.125347779,-0.094289571,0.177484084,-0.148666227,0.177562935,-0.14752164,0.414676376,-0.580629872,0.624549137,0.040775263,0.177569458,0.229410711,0.309966021,0.093576158,0.51971587,0.094074806,-0.269447415,0.148810109,-0.256307965,0.013484666,-0.256724996,0,0,0.31018423,0.572768636,0.282495254,0.533548044,0.040660769,0.520446933,-0.553931494,0.730552585,-0.607876153,0.717291139,-0.635432825,0.61242434,-0.340059762,-0.273809248,-0.017219546,-0.178168584,0.11096304,-0.178593475,-0.178433843,-0.05894359,-0.40492569,-0.166054464,-0.113148989,-0.177891188,-0.307081435,0.000180307,-0.437984375,-0.106479178,0.016190071,0.166966144,0.113148989,0.154873657,0.079996741,0.381457007,0.30681929,0.595262868,-0.112678363,0.178593579,-0.243230653,0.405312936,-0.307054181,0.678585919,0,0,-0.307430119,-0.285729346,0.047877902,-0.285711077,-0.178292515,-0.285100703,-0.629425177,0.67851802,-0.533294278,0.702751848,-0.179438593,0.714270602,0.112425771,0.631146075,0.241277347,0.607342209,0.370574823,0.631224636,0.70659365,0.26109378,0.235531217
8,-0.207080122,-0.602033705,0.014616592,-0.327696764,-0.217135733,-0.319192825,-0.570770554,-0.301231242,-0.45939878,-0.54902174,0.217135864,-0.336339764,0.429229446,0.053042824,0.065350416,-0.017655371,0.034818757,0.336304753,-0.1361365,0.336300947,0,0,0,0,0.206817558,0.336339822,0,0,0,0,-0.21721641,-0.663660178,-0.126532051,-0.655113328,0,0,0.045402392,-0.628578304,0,0,0,0,0,0,0,0,0,0,0,0,0.526944478,-0.492441717,0.129131117,-0.383292659,0.204397541,-0.383429582,0.666044972,0.018105263,0.795602459,-0.324969533,0.032183641,-0.383286998,0.322560479,-0.047363096,0.483674446,-0.20812703,-0.086118267,0.38341255,0.053790803,0.383429487,0,0,0,0,-0.204397526,0.383297702,0,0,0,0,0.559043805,-0.558542593,0,0,0.419255346,-0.616570513,0,0,0,0,0,0,0,0,0,0,0,0,0,0,0.839653691,0.241388702,0.279884564
9,0.295535128,-0.586896315,0.028139721,-0.347366335,-0.238064504,-0.326108957,-0.308452097,0.075718828,0.028327577,-0.217178761,0.238064466,-0.369693048,0.609774445,-0.336648759,0.691547941,-0.532433377,0.040371507,0.369681078,-0.110878176,0.369675696,0,0,0,0,0.191520975,0.369692977,0,0,0,0,0.214714851,-0.630307023,0.295827063,-0.630183573,0.028234785,-0.60810716,0,0,0,0,0,0,0,0,0,0,0,0,0,0,-0.346030605,-0.491542501,-0.113185596,-0.393348002,-0.010370608,-0.360431877,0,0,0,0,-0.215660397,-0.434477429,-0.565250731,-0.246061489,-0.784339603,-0.172333735,0.112976662,0.434394428,0.215660397,0.368717925,0,0,0,0,0.017097735,0.434477429,0,0,0,0,0,0,-0.338847663,-0.549059194,0,0,-0.229819668,-0.565522544,0,0,0,0,0,0,0,0,0,0,0,0,0.598728073,0.188855689,0.199576024
10,-0.517029541,-0.338665937,-0.079523917,-0.239983643,-0.026355843,-0.240327325,-0.43014192,-0.121679539,-0.868391813,-0.17413675,-0.114187229,-0.239827848,-0.271779126,-0.022876234,-0.780718831,-0.075660812,-0.008870146,0.240206379,0.131608187,0.240125361,0.061271913,0.615445258,0,0,-0.131608187,0.240327347,-0.552831293,0.615450769,0,0,0,0,-0.499672403,-0.371567009,0,0,-0.289706747,-0.384549253,0,0,0,0,0,0,0,0,0,0,0,0,0.229801768,-0.368522802,0.052826013,-0.237294957,-0.040316008,-0.270289148,0.347855418,-0.245981106,0.67706014,-0.303213871,0.135498224,-0.172104915,0.323413435,-0.024701422,0.323683192,-0.180496578,-0.040749374,0.270216304,-0.135498224,0.270020659,-0.32293986,0.622696496,0,0,0.065215698,0.270289202,0.348035282,0.622687813,0,0,0.159601972,-0.377062727,0.229752315,-0.377303477,0.041423842,-0.376563323,0,0,0,0,0,0,0,0,0,0,0,0,0,0,0.713620905,0.360625751,0.237873635
11,-0.070080811,-0.547754936,-0.003711905,-0.349178952,-0.158269311,-0.380182465,-0.430596128,-0.453656791,-0.665517728,-0.54746764,0.158269311,-0.307466306,0.319744699,-0.067910612,0.334482224,-0.151348042,-0.018372632,0.370124982,-0.128992897,0.369684457,0,0,0,0,0.098900768,0.380182601,0,0,0,0,-0.077585943,-0.619817433,-0.018603315,-0.619770584,0,0,0.084313952,-0.588934928,0,0,0,0,0,0,0,0,0,0,0,0,-0.109240856,-0.451015326,0.011846839,-0.225673523,-0.165255367,-0.225277841,-0.302246442,-0.044793174,-0.455818234,0.142833591,0.16525542,-0.240561938,0.342971412,-0.105284374,0.544181818,-0.04531147,0.020043742,0.240477195,-0.10056762,0.225613912,-0.100900219,0.511280405,0,0,0.124935048,0.240561988,0.237838034,0.511324867,0,0,-0.165125463,-0.4588788,-0.093001869,-0.488675133,-0.165556559,-0.405869949,0.011845889,-0.473569522,0,0,0,0,0,0,0,0,0,0,0,0,0.343635267,0.139349605,0.114545089
12,-0.084114455,-0.264996111,-0.042150654,-0.158892228,-0.333971867,-0.144315998,-0.293224693,-0.038362159,-0.042345579,-0.174060332,0.333971958,-0.158623756,0,0,0,0,6.20E-05,0.143828324,-0.085559297,0.158892228,-0.334544216,0.40114402,-0.125313885,0.598310672,0.249585206,0.128858345,0.292429028,0.355815701,0.541894684,0.582967758,-0.127131433,-0.27999843,-0.043184873,-0.280292589,-0.292450525,-0.265451116,0.000938344,-0.280513768,0.582024066,0.719486232,0.625278238,0.7037991,0.541251948,0.583964975,-0.335229493,0.70375194,-0.374721762,0.688742442,-0.083027627,0.628389607,0,0,0.036720293,-0.151120734,0.261932805,-0.160256846,0.337590505,-0.009443292,0.162741893,0.046851831,-0.261932914,-0.151119257,-0.36172387,-0.009565573,-0.361981684,0.056547974,-0.086528367,0.160053236,0.088427368,0.160256846,0.263835066,0.424412797,0.263644286,0.698099852,-0.187937044,0.15097293,-0.33507614,0.358561293,-0.560724915,0.537847274,0,0,0,0,0.063951555,-0.245226159,-0.136429549,-0.23619772,-0.536302554,0.584739154,-0.58699505,0.584403661,-0.56293426,0.584342931,0.288293388,0.754688203,0.41300495,0.754668835,0.26256175,0.754773882,0.362396072,0.078135299,0.120798691
13,0.536916995,-0.242284251,0.004854314,-0.003670122,-0.303799781,0.026866898,-0.210251691,0.596561321,0,0,0.303799762,-0.026866898,0.471856257,0.419498667,0.696200238,0.250167769,0,0,0,0,0,0,0,0,0,0,0,0,0,0,0.471757713,-0.342340879,0.536874141,-0.326934373,0.200863179,-0.403438704,0,0,0,0,0,0,0,0,0,0,0,0,0,0,-0.739953869,-0.256079604,0.007203579,0.008101308,-0.035126018,-0.016659255,0,0,0,0,0.03512565,0.016659255,-0.556382438,0.611646636,-0.96487435,0.22289622,0,0,0,0,0,0,0,0,0,0,0,0,0,0,-0.753231895,-0.330456135,-0.640694874,-0.339059017,0,0,-0.204569026,-0.38835331,0,0,0,0,0,0,0,0,0,0,0,0,0.85399603,0.295930278,0.284665343
14,0.256221696,-0.589539699,0.000223807,-0.328867296,-0.371859536,-0.328647235,-0.13982156,-0.036453547,-0.092801018,-0.401365323,0.371859401,-0.338497807,0.580610507,-0.078135782,0.628140464,-0.349305535,0.023647801,0.328203353,-0.30232037,0.338497928,0,0,0,0,0.348203216,0.317608165,0,0,0,0,0.16232612,-0.651591996,0.370887768,-0.661502072,-0.2093541,-0.599313359,0,0,0,0,0,0,0,0,0,0,0,0,0,0,-0.316056148,-0.624310406,-0.000413926,-0.348585944,0.336795579,-0.314651439,0,0,0,0,-0.336795579,-0.349201279,-0.663204421,0.073367107,-0.631669712,-0.271485764,-0.031966025,0.349195211,0.168600712,0.349201228,0,0,0,0,0,0,0,0,0,0,0,0,-0.284458248,-0.650798822,0.083858324,-0.641925159,-0.178961365,-0.633745953,0,0,0,0,0,0,0,0,0,0,0,0,0.673606847,0.11875503,0.224535616
15,0.441643934,-0.533566919,-0.057947215,-0.374886813,-0.141599522,-0.333301446,0.291652369,0.008365095,0.858400478,-0.233069926,0.058203571,-0.399905079,0.325314756,-0.149946342,0.724903714,-0.299789554,0.024809753,0.341801559,-0.075406596,0.399905133,0,0,0,0,0.141599413,0.291594416,0,0,0,0,0.342247686,-0.599535718,0.457575537,-0.591722631,0.075827278,-0.600094839,0,0,0,0,0,0,0,0,0,0,0,0,0,0,-0.252807245,-0.319695808,-0.01134105,-0.221602101,-0.25309035,-0.262008817,-0.505722347,-0.131153941,-0.666900281,-0.106803572,0.253090501,-0.205084664,0.333099719,0.131098825,0.080492994,-0.000200468,-0.114835201,0.253657799,-0.252890432,0.237259763,-0.356275072,0.597992856,0,0,0.011398814,0.262008817,-0.057480254,0.598091723,0,0,-0.286999025,-0.336706185,-0.207119626,-0.344738298,0,0,-0.045946957,-0.401908277,0,0,0,0,0,0,0,0,0,0,0,0,0.827207629,0.258248945,0.275735876
16,-0.127588012,-0.610137046,2.54E-05,-0.300191351,-0.156914067,-0.359947515,-0.460621535,-0.320207662,-0.725474314,-0.470262742,0.156913939,-0.270164267,0.274525686,0.119765517,0.019492396,0.209785598,-0.039114573,0.349731378,-0.127352815,0.33969738,0,0,0,0,0.058583885,0.359947515,0,0,0,0,-0.117681767,-0.640052518,-0.078066278,-0.630060358,0,0,0.039221143,-0.580395111,0,0,0,0,0,0,0,0,0,0,0,0,-0.118607528,-0.652809494,-0.135512362,-0.321958379,-0.325070503,-0.296797597,-0.45255323,0.042473141,-0.37316349,0.305108372,0.007696456,-0.330520024,0.134419484,0.008540231,0.54744677,0.093246849,0.15091763,0.305256719,0.008067428,0.330520024,0,0,0,0,0.3250704,0.288456309,0,0,0,0,-0.245446011,-0.644561187,-0.1352285,-0.66947999,-0.372362052,-0.534312821,0,0,0,0,0,0,0,0,0,0,0,0,0,0,0.425278049,0.130914895,0.14175935
17,0.229923254,-0.234478469,0.107419587,-0.161347348,0.000127493,-0.18231707,-0.108450175,-0.119722607,-0.108269379,-0.026361173,0.202891371,-0.109788868,0.418905964,-0.036515349,0.607868191,-0.067560835,-0.108781447,0.161391062,-0.202891371,0.15068079,-0.175559505,0.400955045,-0.351437299,0.733930084,-0.01430743,0.182317008,0.229711008,0.400665524,0.18878135,0.724038006,0.216066122,-0.255108303,0.229616013,-0.255182052,0.121673471,-0.254885567,0,0,0.324145753,0.734639708,0.270141178,0.734580759,0.121663472,0.734509001,-0.351513343,0.734675276,-0.351534471,0.744817948,-0.392131809,0.734639584,-0.153992784,-0.218845973,-0.025144315,-0.161212123,-0.140792371,-0.160875508,-0.384819961,-0.102989345,-0.577089521,-0.16099528,0.140792218,-0.169279934,0.192160897,-0.004100213,0.038361105,-0.094824069,-0.025593201,0.169046453,-0.127554461,0.169279934,-0.230920382,0.425306907,-0.141478784,0.698279735,0.076372957,0.161218926,0.179946715,0.425213633,0.384872609,0.698131443,-0.153855348,-0.227465911,-0.141013064,-0.227652681,0,0,-0.039016144,-0.235894616,0.358740072,0.764105384,0.422910479,0.763724991,0.4105206,0.722608092,-0.256902167,0.763636844,-0.26939872,0.755290098,-0.115635965,0.739078653,0.346854568,0.129881126,0.115618189
18,-0.106954092,-0.562728473,0.014367722,-0.29610906,-0.164548523,-0.379361762,-0.407077485,-0.404271513,-0.707105838,-0.487186662,0.214205266,-0.212555225,0.292894162,0.104298665,0.171345728,0.195697028,-0.099800742,0.379327085,-0.214205266,0.379248463,0,0,0,0,0.021276228,0.379361871,0,0,0,0,-0.099883447,-0.620638102,-0.049904857,-0.579138708,0,0,0.071173796,-0.504419707,0,0,0,0,0,0,0,0,0,0,0,0,-0.206993406,-0.599424194,-0.022576249,-0.32594931,-0.321306107,-0.268818129,-0.402761589,0.070243325,-0.47113256,0.343300614,0.321306183,-0.343206626,0.459655314,-0.012349151,0.528867478,0.277130807,0.068737444,0.343177099,-0.126799809,0.343206734,0,0,0,0,0.264463216,0.343148005,0,0,0,0,-0.229598305,-0.632185979,-0.126599634,-0.65669944,0,0,0.057090666,-0.599252224,0,0,0,0,0,0,0,0,0,0,0,0,0.438216383,0.113051191,0.146072128
19,0.311046815,-0.593639595,0.015452529,-0.355913213,0.127444477,-0.355904341,0.515288106,-0.169514098,0.811553902,-0.347559844,-0.096577271,-0.355805803,-0.188446098,-0.02531419,0.137799302,-0.034017461,-0.025821239,0.347269443,0.056457666,0.355913158,0,0,0,0,-0.127444477,0.313695485,0,0,0,0,0.270458242,-0.64408687,0,0,0.127363034,-0.618562379,0,0,0,0,0,0,0,0,0,0,0,0,0,0,-0.354463941,-0.638499568,0.041598992,-0.31740457,-0.292546847,-0.343457881,-0.521113561,-0.030563821,0,0,0.395972109,-0.29999073,0.478886439,0.108249164,-0.166947457,0.186799859,-0.124810613,0.334584613,-0.395972109,0.325860347,0,0,0,0,0.103778739,0.343457881,0,0,0,0,-0.291934536,-0.656538564,-0.249235838,-0.656542176,0,0,0.084462427,-0.629895442,0,0,0,0,0,0,0,0,0,0,0,0,0.513798154,0.16915394,0.171266051
20,-0.247944949,-0.237739648,0.031872658,-0.150617011,0.031357746,-0.149904775,0,0,0,0,0.031104785,-0.162698691,-0.218216532,-0.050556212,-0.405225297,-0.150053358,-0.029551466,0.162698691,0.001436442,0.162649108,0.219060416,0.437163493,0.467210512,0.663398696,-0.031872658,0.162569989,-0.312547226,0.412819313,-0.25020525,0.687897841,-0.248115769,-0.238038288,-0.21726517,-0.250186568,0,0,-0.029824043,-0.250219951,-0.530331395,0.737588814,-0.468123051,0.749780049,-0.218608029,0.737449066,0.218260667,0.72505721,0.282078725,0.688127917,0.469668605,0.712968576,0.174594262,-0.242696966,0.058341688,-0.159894028,0.075487609,-0.173272977,0.324653935,-0.173891554,0.475231592,-0.270690473,0.024536116,-0.159314771,0.041059213,-0.02035056,0,0,-0.074376225,0.173170728,-0.0754875,0.17302689,-0.308113182,0.396131988,-0.475522243,0.631183736,-0.057839287,0.173272977,0.058087327,0.410182908,0.091186268,0.714928433,0.157861704,-0.256607317,0,0,0.075628412,-0.256528133,0.008426055,-0.270116483,0.258103826,0.728244906,0.224883917,0.728155189,0.074980304,0.729309527,-0.458254699,0.728438325,-0.491941918,0.714621505,-0.524768408,0.631777251,0.489556526,0.400848798,0.163185509
21,-0.31095447,-0.475979348,-0.03050536,-0.312966761,-0.25058767,-0.245175576,-0.249497463,0.081890559,-0.152663634,0.331856945,0.237297625,-0.389266017,0.457307448,-0.110621268,0.615701768,0.158913359,0.091181614,0.379946003,-0.06720385,0.389266017,0,0,0,0,0.250587709,0.379466702,0,0,0,0,-0.360092278,-0.475887646,-0.322797981,-0.543813694,-0.384298232,-0.428044877,-0.189066354,-0.610733983,0,0,0,0,0,0,0,0,0,0,0,0,-0.116301643,-0.469891466,0.000184884,-0.229540831,-0.104087922,-0.228951218,-0.467173002,-0.154219072,-0.726954047,-0.289511538,0.104087922,-0.244151867,0.207687635,-0.026403505,0.273045953,0.169181919,0.091228467,0.244108487,0.065276582,0.244151867,0,0,0,0,0.10384832,0.244089207,-0.090311524,0.500109384,0,0,-0.103814674,-0.499890665,-0.051485061,-0.47766991,0,0,0.091552013,-0.424905248,0,0,0,0,0,0,0,0,0,0,0,0,0.51219369,0.188152147,0.17073123
22,-0.354440586,-0.305759,-0.040995773,-0.267391854,-0.41631378,-0.315324003,-0.395971691,-0.053590243,0,0,0.41631378,-0.257166893,0.58368622,0.159987507,0.208600408,0.033540476,-0.084106137,0.286425139,-0.3947616,0.276252952,-0.396194883,0.606826916,0,0,0.125951293,0.315324066,0,0,0,0,-0.395379606,-0.344883332,-0.249302049,-0.344201655,0,0,0.083950612,-0.393173084,0,0,0,0,0,0,0,0,0,0,0,0,0.409965677,-0.530007249,-0.024047553,-0.374954104,0.301085917,-0.374789635,0.698883581,-0.176511041,0.614948239,-0.470047217,-0.30111638,-0.357806179,0,0,0,0,0.108449337,0.374954161,0.301116419,0.37490849,0,0,0,0,-0.108333751,0.374954048,0,0,0,0,0.409254585,-0.599028194,0,0,0.253122042,-0.625045783,0,0,0,0,0,0,0,0,0,0,0,0,0,0,0.928120684,0.149527569,0.309373561
23,0.258844879,-0.257116117,-0.007264572,-0.009313697,-0.151143771,0.057040242,-0.302247609,0.676307525,0.064811254,0.514531576,0.151143819,-0.05704018,0.402916898,-0.08517809,0.697752367,-0.246782756,0,0,0,0,0,0,0,0,0,0,0,0,0,0,0.230309045,-0.323692475,0,0,0.136696189,-0.323159566,0,0,0,0,0,0,0,0,0,0,0,0,0,0,-0.176471141,-0.5395254,0.011641312,-0.380968056,-0.341414713,-0.381019214,-0.517287427,-0.063475321,-0.611760074,-0.094991133,0.341414559,-0.38077615,0.388239926,-0.055045305,0.094078005,-0.166476613,-0.047490593,0.365367388,-0.2590873,0.341435022,0,0,0,0,0.16472732,0.381019266,0,0,0,0,-0.234999232,-0.579190431,-0.129491857,-0.57929298,0,0,0.058907034,-0.618980682,0,0,0,0,0,0,0,0,0,0,0,0,0.428919954,0.131458662,0.142973318
24,0.16263845,-0.371349163,-0.00671,-0.213929425,-0.161915639,-0.269475914,-0.330479093,-0.135046048,-0.541982087,-0.179650585,0.161915639,-0.180562886,0.289734703,-0.012255321,0.458017913,0.077723135,-0.034933805,0.269328148,-0.161310011,0.268919809,-0.372796145,0.549749907,-0.38751363,0.549998289,0.078367133,0.269475914,0.246656239,0.549842738,0,0,0.134099117,-0.449350131,0.21869674,-0.404410109,-0.020387396,-0.449968368,0.274312832,-0.359567619,0,0,0,0,0,0,0,0,0,0,-0.386501087,0.550031632,-0.599067422,-0.433981617,-0.182447115,-0.310077477,-0.328201012,-0.186058549,-0.349217815,0.147437221,-0.671798715,0.341131196,-0.067725429,-0.441905437,0.255310227,-0.093127274,-0.192842032,0.139820765,0.213136214,0.395605947,0.067710434,0.441905462,0,0,0,0,0.328201285,0.379777531,0,0,0,0,0,0,-0.599177022,-0.488652493,0,0,-0.443327698,-0.5580945,0,0,0,0,0,0,0,0,0,0,0,0,0.691376047,0.146347083,0.230458682
25,0.072831787,-0.21391047,-0.009862431,-0.120428181,-0.156088981,-0.140775009,-0.218293987,-0.026029475,-0.240109434,-0.09886885,0.156088981,-0.119977745,0.323418129,-0.037071276,0.281727676,-0.109793389,-0.030738858,0.140743512,-0.135645549,0.140767373,-0.260692929,0.349010536,-0.343549009,0.567746072,0.114567202,0.140775009,0.281737213,0.379823489,0.551758482,0.651094659,0.010282891,-0.255116875,0.113754621,-0.245053667,-0.05161256,-0.234636968,0.134888829,-0.213937673,0.469089061,0.650725284,0.489043091,0.651248464,0.614282853,0.744883125,-0.343726676,0.630129956,-0.385717147,0.619850972,-0.30233624,0.578214857,-0.242842232,-0.247831316,-0.034979607,-0.17577271,0.076953756,-0.175837857,-0.034338143,-0.04029445,0,0,-0.173347044,-0.175631509,-0.450669805,-0.031662927,-0.450990174,-0.166336019,0.048446183,0.175664053,0.173346862,0.175577859,0.284480756,0.463951301,0.423858336,0.69842473,-0.075933624,0.175837857,-0.437027789,0.374095269,-0.576141664,0.698370608,0,0,-0.2429848,-0.265760804,-0.034391901,-0.30157527,-0.187309611,-0.265960549,0,0,0,0,0,0,0,0,0,0,0,0,0.50934267,0.180304091,0.16978089
26,0.107512867,-0.410926087,0.056143191,-0.243654154,-0.076729366,-0.277437558,-0.280527236,-0.099984865,-0.454089595,0.022654073,0.209194702,-0.177926215,0.341576298,-0.24351305,0.21954335,-0.410362976,-0.07678506,0.211087362,-0.209194769,0.155576657,-0.056646706,-0.110954853,-0.464776947,0.022680957,0.035317278,0.277437558,0.107207151,0.566751458,0,0,0.08649463,-0.433248542,0.137635253,-0.433053524,0.024872735,-0.421613502,0.188673971,-0.39973347,0,0,0,0,0,0,-0.658423702,0.077807438,-0.658379895,0.022480272,-0.525712084,0.022760883,-0.553786818,-0.345264963,-0.112553497,-0.278644739,-0.123770638,-0.049777542,-0.413938235,0.486561289,-0.736973813,0.366122898,-0.112558422,-0.5,-0.413923739,0.084225856,-0.876229362,0.124103885,0.123770638,0.5,0,0,0,0,0,0,0,0,0,0,0,0,-0.629704576,-0.499973464,0,0,0,0,-0.435407534,-0.499854513,0,0,0,0,0,0,0,0,0,0,0,0,0.617642464,0.138584768,0.205880821
27,-0.263034105,-0.494226605,0.046523272,-0.384240652,-0.5,-0.384722951,-0.38213327,0.098831876,0,0,0.5,-0.37339193,0.427193395,0.131894708,0.237265197,-0.296367791,0.022756253,0.373622439,-0.310953181,0.362520345,0,0,0,0,0.30871528,0.384723095,0,0,0,0,-0.311094726,-0.58187399,-0.119463939,-0.560469896,-0.477167986,-0.615276905,0.213572068,-0.571541289,0,0,0,0,0,0,0,0,0,0,0,0,0.275409168,-0.548553541,-0.240174819,-0.032322943,0.24017483,0.032322837,0.759825228,0.298312256,0,0,0,0,0,0,0,0,0,0,0,0,0,0,0,0,0,0,0,0,0,0,0.293187904,-0.653259687,0,0,0.125492096,-0.701687744,0,0,0,0,0,0,0,0,0,0,0,0,0,0,0.706802262,0.144710336,0.235600754
28,0.257363963,-0.671728301,4.80E-05,0.035479425,-0.100155542,0.07214668,0.899844458,0.218640001,0.743145198,-0.781359999,0.100155636,-0.07214668,0.828685785,0.217417933,0.757277997,-0.563413891,0,0,0,0,0,0,0,0,0,0,0,0,0,0,0.171775161,-0.745465452,0,0,0.0140986,-0.636051538,0,0,0,0,0,0,0,0,0,0,0,0,0,0,-0.324912179,-0.309480702,-0.053358493,-0.204218225,-0.305842374,-0.14101474,-0.402478556,0.084920297,-0.480508599,0.16213295,0.208826794,-0.260798104,0.519491401,-0.020852217,0.170332571,-0.140488465,0.160375183,0.239618093,0.024442768,0.26079808,0.218547011,0.598760858,0,0,0.305842374,0.204439763,0.422731295,0.598765465,0,0,-0.344537418,-0.330783575,-0.29615012,-0.358988462,0,0,-0.130758494,-0.401234512,0,0,0,0,0,0,0,0,0,0,0,0,0.70248234,0.195471884,0.23416078
29,0,0,0.124509806,-0.229252906,0.408289096,-0.164143041,0.208106877,0.073798009,-0.025065165,0.024709779,-0.175243535,-0.286654247,-0.558032417,-0.106649095,-0.374247959,-0.229360794,-0.174895059,0.262179707,0.024977937,0.286654247,0.14239524,0.573962574,0,0,-0.408288878,0.237896168,-0.591710904,0.573840531,0,0,0,0,0,0,0.390886905,-0.368750514,0.091546152,-0.426037453,0,0,0,0,0,0,0,0,0,0,0,0,0.420498022,-0.237995104,0.166884551,-0.238092704,0.070941348,-0.266596361,0.277735549,-0.142769453,0.468379257,-0.142940283,0.261605207,-0.20947543,0,0,0,0,-0.087503789,0.266513034,-0.261605414,0.266462801,-0.531057562,0.666873042,0,0,0.071116888,0.266596299,0.198083895,0.65709579,0,0,0.372981578,-0.275856262,0.468942438,-0.266350556,0.229853276,-0.333126989,0,0,0,0,0,0,0,0,0,0,0,0,0,0,0.475993528,0.076564544,0.158664509
30,-0.096987615,-0.359179838,0.007509042,-0.23412745,-0.216196373,-0.223865689,-0.336240097,-0.00459259,-0.574387556,0.161773418,0.216236207,-0.244507136,0.290588908,-0.171150302,0.231225002,-0.358892827,-0.082211273,0.224168028,-0.216236207,0.192821325,-0.709411092,0.401249988,0,0,0.052228412,0.244507068,0.052144251,0.5887194,0,0,-0.112247247,-0.4112806,-0.00834772,-0.411156613,-0.142341216,-0.411279987,0.111418529,-0.410840035,0,0,0,0,0,0,0,0,0,0,0,0,0.67339864,-0.189868956,0.199533792,-0.223743213,0.126284836,-0.267319814,-0.037375281,-0.052005151,0.363867988,-0.060050311,0.291053646,-0.163522074,0.126560282,0.138055105,0.144902186,0.3104943,-0.14629645,0.233065438,-0.291053884,0.22394692,-0.16367906,0.681038743,0,0,-0.000978117,0.26731987,0.236190437,0.707250384,0,0,0.708946116,-0.249443131,0,0,0.564501417,-0.292749644,0,0,0,0,0,0,0,0,0,0,0,0,0,0,0.380720269,0.120146343,0.126906756
31,0.013654206,-0.527462735,0.04114779,-0.32411997,-0.195040828,-0.379677944,-0.359040415,-0.24982444,0.022672283,0.000271412,0.313461846,-0.295989832,0.640959585,0.000317377,0,0,-0.158882678,0.379677884,-0.313461846,0.37963204,0,0,0,0,-0.004414542,0.379650037,0,0,0,0,-0.050306986,-0.620240584,0.104390019,-0.610895669,-0.131647094,-0.620322116,0.277441113,-0.601753159,0,0,0,0,0,0,0,0,0,0,0,0,0.485090648,-0.432789212,0.020196999,-0.03836052,0.040509035,0.230692268,0.889120766,0.433021455,0.859316299,-0.105753699,-0.040509035,-0.230692331,0,0,0,0,0,0,0,0,0,0,0,0,0,0,0,0,0,0,0.343288725,-0.471116961,0.444309612,-0.566978545,-0.110879209,-0.355503413,0,0,0,0,0,0,0,0,0,0,0,0,0,0,0.700945104,0.220127778,0.233648368
32,-0.491475813,-0.478956043,-0.007913848,-0.359222682,-0.457122177,-0.325091003,-0.405435688,0.050904627,-0.526380967,0.418656722,0.457122177,-0.376130751,0.422625911,0.042686241,-0.042962412,-0.102976566,0.129329439,0.375945334,-0.128966879,0.375852351,0,0,0,0,0.353937117,0.376130783,0,0,0,0,-0.542877823,-0.530547722,-0.404589282,-0.521800424,0,0,-0.077570335,-0.581343245,0,0,0,0,0,0,0,0,0,0,0,0,0.38616367,-0.382897235,0.050009912,-0.305045649,0.113722114,-0.318104728,0.586634663,-0.383007178,0.87745222,-0.46116009,-0.041118941,-0.29845951,0.140704267,-0.097586702,0.286434152,-0.149547479,0.013116463,0.318038376,-0.12254778,0.318068138,0,0,0,0,0.122547849,0.318104753,0.331837168,0.538839898,0,0,0.368374182,-0.408964694,0,0,0.231508927,-0.45404404,0,0,0,0,0,0,0,0,0,0,0,0,0,0,0.464597383,0.152796744,0.154865794
33,0.123468249,-0.192077329,-0.046729095,-0.147236991,-0.064847805,-0.165266427,0.06672321,-0.254584925,0.066462878,-0.281104085,-0.064907796,-0.138435017,0.085183228,-0.049203434,0,0,-0.027520792,0.164997357,-0.066075897,0.156618767,-0.178291469,0.432795059,-0.536384064,0.647375061,0.066075897,0.165266369,0.217199116,0.415320709,0.160802544,0.647777061,0.085878435,-0.24554032,0,0,0.047352461,-0.236647954,0,0,0.368862749,0.692185834,0.349788006,0.665194149,0.085445411,0.665582827,-0.366342253,0.718736605,-0.461299854,0.718895885,-0.631137251,0.656105926,-0.302058949,-0.230330494,-0.067886213,-0.169393996,0.042919797,-0.178225947,0.154390102,-0.022094134,-0.018826781,0.039276071,-0.166556826,-0.160804195,-0.413757736,-0.039161341,-0.635660648,-0.108825532,0.080540743,0.169677291,0.166556987,0.160916192,0.215967297,0.421971085,0.339289778,0.674213318,0.018413898,0.178225891,-0.16679984,0.404501585,-0.129325996,0.682795038,0,0,-0.289802608,-0.239662793,0,0,-0.203699169,-0.256618486,-0.290123937,0.734799025,-0.228276115,0.743381542,-0.092718769,0.72609495,0.179285309,0.708826568,0.22831503,0.683031212,0.364339352,0.717382337,0.492313899,0.206046218,0.164104633
34,-0.442192875,-0.530900074,-0.02401223,-0.377372654,-0.302705789,-0.366822972,0,0,0,0,0.302124171,-0.398041487,0.465166044,-0.020056452,-0.372516138,-0.264987763,0.091865589,0.39804142,-0.209315696,0.397954233,0,0,0,0,0.302705789,0.397958906,0,0,0,0,-0.534833956,-0.60162435,-0.280342239,-0.601946797,0,0,-0.023763878,-0.60195858,0,0,0,0,0,0,0,0,0,0,0,0,0.191895086,-0.322005272,-0.016169996,0.004958283,0.291672987,-0.043408533,0.708327013,0.23544979,0.658024161,-0.196820116,-0.291672974,0.043408533,-0.116368583,0.562774202,0,0,0,0,0,0,0,0,0,0,0,0,0,0,0,0,0.191944399,-0.399053677,0,0,0.12516118,-0.437058202,-0.099794384,-0.437225798,0,0,0,0,0,0,0,0,0,0,0,0,0.573561571,0.126036929,0.19118719
35,0.436931894,-0.522505254,0.008459498,-0.361518965,-0.293257749,-0.361508096,-0.214731305,0.111415186,0.278021939,-0.22764939,0.2932578,-0.36156577,0.293609297,0.058105532,0.706742303,-0.209908781,0.007972906,0.352817854,-0.181834098,0.361565828,0,0,0,0,0.166552132,0.352646877,0,0,0,0,0.389329342,-0.584953774,0.46848739,-0.576293188,0.056489454,-0.638434143,0,0,0,0,0,0,0,0,0,0,0,0,0,0,-0.705574125,-0.065836265,-0.006437414,0.00919225,0.212493116,-0.018449146,0,0,0,0,-0.212493475,0.018449085,-0.088699593,0.785453616,-0.787506884,0.486147346,0,0,0,0,0,0,0,0,0,0,0,0,0,0,0,0,-0.705221392,-0.158743371,0,0,-0.431628435,-0.214546384,0,0,0,0,0,0,0,0,0,0,0,0,1.000179106,0.255071021,0.333393035
36,0.051440089,-0.396458283,0.109532747,-0.359400163,-0.212851646,-0.445466507,-0.595855819,-0.360178416,0,0,0.404144181,-0.274131547,0.330197719,0.311057097,0.360180443,-0.030292403,-0.212983205,0.421312493,-0.404144181,0.396487893,0,0,0,0,0.006815095,0.445466507,0,0,0,0,0.007700809,-0.481721233,0.154632237,-0.457024173,-0.094891631,-0.554533493,0.360230451,-0.469422506,0,0,0,0,0,0,0,0,0,0,0,0,0.369878669,-0.393680101,4.03E-05,0.005192661,0.094439877,0.024199031,0.795303301,0.461120376,0.905560123,-0.150826055,-0.094439889,-0.024199031,0,0,0,0,0,0,0,0,0,0,0,0,0,0,0,0,0,0,0.323082026,-0.519631724,0,0,0.173295793,-0.538879624,0,0,0,0,0,0,0,0,0,0,0,0,0,0,0.601657297,0.221685107,0.200552432
37,-0.03242317,-0.389404124,-0.140303944,-0.256240459,-0.068137267,-0.432982401,0.097319447,-0.16660941,0.097291113,-0.12296817,-0.205018872,-0.122421416,0,0,0,0,0.133207975,0.432982401,0,0,0,0,0,0,0.205018872,0.278279562,0.543150032,0.122254918,0.794981128,0.010743994,-0.032595906,-0.455653033,0,0,-0.090081571,-0.567017599,0,0,0,0,0,0,0,0,0,0,0,0,0,0,0,0,-0.000392622,-0.239440521,0.072956217,-0.218965815,-0.583916157,-0.11697319,-0.609013341,-0.219135106,-0.024852432,-0.280475846,-0.60990375,-0.198595647,-0.316411834,-0.372506683,-0.023661183,0.270372203,0.146669633,0.280475846,0.145626891,0.61769321,0,0,-0.146669314,0.250258375,-0.853330367,0.617659566,0,0,0,0,0,0,0,0,-0.219414879,-0.38230679,0,0,0,0,0,0,0,0,0,0,0,0,0.545954572,0.196541622,0.181984857
38,0.256376338,-0.54611281,-0.01154481,-0.360548636,-0.139484443,-0.348943635,-0.127796267,0.081580943,0.139126444,-0.255936622,0.139484418,-0.372026839,0.569510675,-0.453146362,0.860515531,-0.615620816,-0.03505354,0.360757068,-0.116188022,0.372026839,0,0,0,0,0.046049439,0.360638656,0,0,0,0,0.255318381,-0.615817629,0,0,0.127882565,-0.62797311,0,0,0,0,0,0,0,0,0,0,0,0,0,0,0.307988392,-0.609696944,0.057708328,-0.30740555,-0.288589786,-0.369854719,-0.519164975,-0.046866441,-0.576610333,0.025914987,0.384386827,-0.265669336,0.270204945,0.098624158,-0.038528557,-0.130003305,-0.172945268,0.369322945,-0.384386994,0.348681066,0,0,0,0,0.076989742,0.369854629,0,0,0,0,0.288737237,-0.630145371,0.404226113,-0.57838548,0.096111,-0.567916861,0.423389667,-0.453809211,0,0,0,0,0,0,0,0,0,0,0,0,0.44979808,0.15168673,0.149932693
39,0.261490045,-0.561816271,0.026326664,-0.38006909,-0.155884629,-0.380463878,-0.443944805,-0.090578694,-0.202996068,-0.264446621,0.185309649,-0.365875878,0.39682283,-0.264183956,0.556055219,-0.387617269,-0.067522942,0.380450299,-0.185309681,0.380429772,0,0,0,0,0.050053397,0.380463799,0,0,0,0,0.220672874,-0.619536181,0,0,0.097022603,-0.612059215,0,0,0,0,0,0,0,0,0,0,0,0,0,0,-0.134252271,-0.531015771,0.005396804,0.008563542,-0.059132464,0.055596243,-0.468135876,0.182839201,-0.607723515,-0.134440981,0.059132464,-0.05559633,-0.769442623,-0.467721668,-0.790280406,-0.817160755,0,0,0,0,0,0,0,0,0,0,0,0,0,0,-0.123564418,-0.641840598,-0.026342219,-0.594412747,0,0,0.209719594,-0.451590368,0,0,0,0,0,0,0,0,0,0,0,0,0.528451209,0.227590956,0.176150403
40,-0.166811284,-0.361750797,-0.022689545,-0.224348436,-0.308368961,-0.284359881,-0.547026941,-0.103351087,-0.690305487,-0.042955497,0.309694513,-0.180803752,0.215652055,0.111848327,-0.19799466,0.181080187,-0.150024294,0.258372642,-0.309694513,0.23265225,-0.563314331,0.482849539,0,0,0.071952017,0.284359881,0.103904009,0.612189669,0,0,-0.182454906,-0.387810331,-0.071436836,-0.371042209,0,0,0.088530857,-0.370213186,0,0,0,0,0,0,0,0,0,0,0,0,0.273516344,-0.357478029,0.03360622,-0.258770794,0.060188751,-0.241106395,0.526546736,-0.223114287,0.833094391,-0.285733015,-0.033017533,-0.276662118,0.27324149,-0.089251604,0.459896387,-0.223383279,-0.03280555,0.267890009,-0.060188751,0.276662176,-0.166905609,0.580668562,0,0,0.046734596,0.259056729,0.260147383,0.499909849,0,0,0.260637883,-0.392885701,0,0,0.12702562,-0.419331438,0,0,0,0,0,0,0,0,0,0,0,0,0,0,0.941822028,0.347530774,0.313940676
41,0.361671698,-0.432540328,-0.054424441,-0.288552244,-0.360786312,-0.288135879,-0.277023196,-0.045012089,0.167119088,-0.234169674,0.333884677,-0.297205269,0.388649343,-0.062953147,0.612904857,-0.153408364,0.055339831,0.287847105,-0.27695446,0.297205387,0,0,0,0,0.360786494,0.26092936,0.639213688,0.522506752,0,0,0.222841696,-0.459649372,0.388066905,-0.477493248,-0.054791761,-0.44144995,0,0,0,0,0,0,0,0,0,0,0,0,0,0,-0.409680443,-0.52266177,0.04683803,-0.296938436,0.105562856,-0.306652205,-0.19687757,-0.070798729,-0.651564683,-0.174519001,0.045498203,-0.277952192,-0.500418795,0.02348147,-0.894259954,-0.174474403,0.015179677,0.306236202,0.105740046,0.297290534,0,0,0,0,-0.10573965,0.306652082,-0.439417849,0.467009154,0,0,0,0,-0.318242846,-0.532990846,0,0,-0.016263827,-0.522920662,0,0,0,0,0,0,0,0,0,0,0,0,1.311508595,0.329423549,0.437169532
42,-0.111239755,-0.218549075,0.019107104,-0.194095714,0.011574137,-0.161102021,-0.111170945,0.020566813,-0.134595363,-0.103152591,0.011633792,-0.226919012,0.180720992,-0.144357769,0.319481665,-0.012115759,0.0037273,0.169167592,0.011264794,0.226919012,-0.111470127,0.499843548,-0.095869609,0.714776988,-0.019107204,0.111540794,-0.365232562,-0.004034461,-0.680518335,0.070269306,-0.119059329,-0.219020538,-0.111295286,-0.235227881,0,0,-0.050185912,-0.285216392,0,0,0,0,-0.68050405,0.094731476,0,0,0,0,-0.073022731,0.714783581,0.398164777,-0.274442877,0.008402381,-0.194707966,0.109982724,-0.177092511,-0.008755197,-0.026500685,0.127669028,-0.009193793,-0.126419807,-0.238926266,0,0,0,0,-0.007874875,0.238926324,-0.144090805,0.238910581,-0.245525518,0.5924926,-0.330737878,0.681135372,0.144090916,0.238899468,0.483451449,0.512790913,0.652596446,0.681116387,0.364208537,-0.318700478,0.398984873,-0.31856029,0.160824471,-0.318864628,0,0,0,0,0,0,0.669262122,0.68105596,0,0,0,0,0,0,0.36815201,0.468871298,0.122717337
43,0.368529096,-0.545424952,-0.008097671,-0.357434705,-0.434523724,-0.364498229,-0.483289523,0.101077307,-0.024233608,-0.237005976,0.43452367,-0.357248782,0.483545053,-0.011545488,0.516710477,-0.161972705,0.090628956,0.304467991,-0.172115977,0.364498327,0,0,0,0,0.368936572,0.2893365,0,0,0,0,0.255174782,-0.605846222,0.402227563,-0.590360057,-0.024058286,-0.635501648,0,0,0,0,0,0,0,0,0,0,0,0,0,0,-0.525968241,-0.185447504,0.015290806,-0.004447792,-0.286483609,-0.038798936,-0.713516391,0.383310211,0,0,0.286483609,0.038798879,0.234293055,0.685273665,-0.463969604,0.202425076,0,0,0,0,0,0,0,0,0,0,0,0,0,0,0,0,-0.515593539,-0.288486838,0,0,-0.286649765,-0.314726391,0,0,0,0,0,0,0,0,0,0,0,0,0.596451798,0.110418297,0.198817266
44,-0.295972686,-0.286953199,-0.012282879,-0.180461448,-0.296047573,-0.155699222,-0.269295472,0.056868626,-0.499828649,-0.065505696,0.296047405,-0.196523411,0.498897258,0.057129274,-0.013032761,-0.040938675,0.089175125,0.196444515,-0.11626019,0.196394562,-0.423431734,0.450126358,-0.063874262,0.663490835,0.295121891,0.196523411,0.500171351,0.516216594,0,0,-0.34705161,-0.327391401,-0.243649724,-0.328123337,0,0,0.03825202,-0.336377555,0,0,0,0,0,0,-0.090091237,0.663622472,-0.090186945,0.663615183,0.012702651,0.663500911,0.765792605,-0.54414253,0.030527776,-0.358521675,0.152636211,-0.313901362,0.051443747,0.207796396,0.806190644,0.031089865,-0.071526925,-0.402784288,0,0,0,0,-0.152636144,0.402767903,-0.112304806,0.40278423,0,0,0,0,0,0,0,0,0,0,0.847363856,-0.597215828,0,0,0.684221353,-0.597004438,0,0,0,0,0,0,0,0,0,0,0,0,0,0,0.682302977,0.204096484,0.227434326
45,0.127204322,-0.368144627,-0.050291427,-0.202614668,-0.303957103,-0.227374528,-0.011037947,-0.119857479,0.185743795,-0.244151121,0.126928657,-0.177907744,0.324019958,-0.028841485,0.539368952,0.053526093,0.146293651,0.22702048,-0.029148851,0.227374473,-0.147493226,0.615399275,0,0,0.303957103,0.218967337,0.696042897,0.541322048,0,0,0.048268722,-0.384519584,0.127322501,-0.38460078,-0.166936833,-0.368287365,0,0,0,0,0,0,0,0,0,0,0,0,0,0,-0.335880098,-0.323852679,0.006623098,-0.233647603,-0.225875384,-0.233672042,0,0,0,0,0.212534051,-0.225792718,0.08826217,0.036941358,-0.212306549,-0.15976494,0.143396802,0.233541772,0.047873449,0.233522393,0.430641273,0.552794317,0.664119902,0.635375926,0.225875384,0.233672042,-0.089281523,0.56107893,-0.211899383,0.635300456,0,0,-0.321665624,-0.356865976,0,0,-0.130973391,-0.364624074,0,0,0,0,-0.212680444,0.635211635,0,0,0,0,0,0,0.855577333,0.162655915,0.285192444
46,0.103501544,-0.245379106,-0.023390175,-0.163601792,-0.166534556,-0.145671036,-0.198977505,0.044790727,-0.198380885,-0.036698504,0.166534625,-0.172670051,0.45187522,-0.18212005,0.626762666,-0.236815791,-0.023543399,0.172630866,-0.134772423,0.172670051,-0.198912995,0.418286915,-0.325848779,0.681508453,0.088104163,0.172446711,0.229785404,0.417633328,0.325861329,0.672710501,0.086906234,-0.254881207,0.150401674,-0.254753776,-0.039616563,-0.254887172,0,0,0.452177047,0.718047253,0.468709054,0.700270117,0.308999912,0.708714533,-0.292960191,0.745112868,-0.373237352,0.72714028,-0.372898822,0.699600492,-0.300791563,-0.222586681,-0.060034322,-0.14572896,-0.025323416,-0.137414458,-0.387426643,-0.068615563,-0.663544541,-0.162657039,-0.094573318,-0.154033541,-0.439461929,-0.076966293,-0.66327919,-0.188382288,-0.008450074,0.153781209,0.094573169,0.145581076,0.129546881,0.419019509,0.301620412,0.683647175,-0.077115364,0.154033504,-0.319392686,0.4184603,-0.335484499,0.684086962,0,0,-0.24982532,-0.264927743,0,0,-0.146449873,-0.264962021,-0.525545191,0.701306909,-0.474366757,0.735037998,-0.300810281,0.709750419,0.146757154,0.684196946,0.215425439,0.683801301,0.336455459,0.701251025,0.648658125,0.300315284,0.216219375
47,-0.204614494,-0.313392256,0.024554561,-0.262600333,-0.13508137,-0.262757878,-0.364780408,-0.138553291,-0.375490387,-0.31345346,0.155143193,-0.262502893,0.235012861,-0.028955114,-0.07488687,-0.145855326,-0.114883289,0.211803946,-0.155143062,0.26275783,-0.14495508,0.576757137,0,0,-0.045228959,0.182645933,-0.66507947,-0.014568503,-0.564989338,0.379679001,-0.215510471,-0.342836285,-0.18473147,-0.364397486,0,0,-0.055017851,-0.423242863,-0.764987139,0.51054513,-0.714964979,0.510760824,-0.504882142,0.408778483,0,0,0,0,0,0,0.660946051,-0.297544749,0.153375981,-0.290953587,0.200096887,-0.27708273,0.430664325,0.037881711,0.799903113,-0.236005725,0.045897408,-0.297924121,0,0,0,0,-0.061127304,0.291084667,0.107600763,0.297924121,0.53700734,0.58583518,0,0,-0.200096912,0.270678499,0,0,0,0,0.722236022,-0.345615363,0,0,0.614362973,-0.414164798,0,0,0,0,0,0,0,0,0,0,0,0,0,0,0.548478446,0.239239427,0.182826149
48,0.4700959,-0.189269486,-0.014677276,-0.170036771,0.227254657,-0.121738149,0.471414777,0.053103988,0.471312286,-0.044076352,-0.19678621,-0.189188701,-0.348797433,-0.034453416,-0.044926638,-0.005002973,-0.074544369,0.179476146,0.076199322,0.189188638,0.106551969,0.441528651,-0.044504955,0.713954859,-0.227254855,0.160369216,0.167117233,0.412865522,0.409415234,0.655548722,0.441601002,-0.209125785,0,0,0.378674272,-0.247615304,0,0,0.651202567,0.674723662,0.591810388,0.665167082,0.408525588,0.675361419,0.410178951,0.742534725,0.288781668,0.752384696,-0.075899992,0.743196635,-0.118478996,-0.191319862,0.08255091,-0.122803661,0.045540607,-0.161607029,-0.081295747,-0.025071057,-0.154513326,-0.093360115,0.190948812,-0.103461472,-0.082609035,-0.024444601,-0.209518283,-0.093593801,-0.100527459,0.132211337,-0.190948574,0.083327779,-0.518531237,0.063503658,-0.773277824,-0.005004718,-0.081172588,0.161607029,-0.117968497,0.445463492,-0.208514438,0.690867083,0,0,-0.100232071,-0.230567574,0,0,0.027262475,-0.240366223,-0.228127297,0.759633777,-0.154917103,0.759623,-0.209117602,0.700681,-0.809051188,0.053307877,0,0,-0.791944249,0.004736585,0.512572856,0.186368809,0.170857619
49,0.085936473,-0.294155594,-0.085509306,-0.198570621,-0.162293773,-0.225867688,-0.247960415,0.034073802,0.059806685,-0.123332825,-0.017120021,-0.191481704,0,0,0,0,0.154108708,0.212181576,0.162293661,0.225867711,0.752039585,0.17782578,0.640966767,0.64358796,0,0,0,0,0,0,0.077126313,-0.335562661,0.11110178,-0.308156621,-0.050881066,-0.356346211,0,0,0,0,0,0,0,0,0.606591417,0.643587601,0.60665225,0.64361985,0.640806188,0.6436538,-0.400249419,-0.246625858,-0.152572499,-0.239669673,-0.329382894,-0.205239601,-0.270774097,0.054525338,0,0,0.035398317,-0.273840264,0.09385117,0.013836896,-0.211891436,-0.013659296,0.141059702,0.246389334,-0.035601522,0.273840242,-0.035532248,0.616220587,0,0,0.32938274,0.225897501,0.505896795,0.616156355,0,0,-0.494103205,-0.266969318,-0.388506323,-0.31506677,0,0,-0.270781025,-0.383779424,0,0,0,0,0,0,0,0,0,0,0,0,0.326777788,0.101131844,0.108925929
50,-0.02740954,-0.23229244,0.110767472,-0.133639252,0.055605075,-0.13355503,-0.055863743,-0.026631715,-0.249956995,-0.115830146,0.167120759,-0.133886484,0.069581501,-0.115937651,0.027453318,-0.196491528,-0.152169605,0.080760854,-0.16712094,0.062487197,-0.49969819,-0.017879685,-0.777345009,-0.062427777,-0.097132001,0.133886514,-0.152701291,0.402071508,-0.153357952,0.652234723,-0.027237882,-0.241218757,0.02738193,-0.276476154,0,0,0.083069473,-0.267580599,-0.222161632,0.723522093,-0.138894162,0.723523846,-0.166704056,0.687613034,-0.819555298,-0.062087734,-0.832879241,-0.071067394,-0.791140513,-0.062230178,0.154693057,-0.172127682,0.042617009,-0.160685922,0.041380088,-0.183171338,0.056972625,-0.149852916,0.211195202,-0.038640362,0.055889582,-0.105207839,0.098462363,0.028104898,0,0,0.014083243,0.172774901,-0.05639397,0.17242966,-0.085056367,0.472795799,-0.380306164,0.672657615,0.056394155,0.183171338,0.267842565,0.372404545,0.29568692,0.650337185,0.154825558,-0.183476151,0.169273685,-0.182947673,0.11269543,-0.194088183,0,0,0.591459165,0.717509488,0,0,0.268026481,0.705304605,-0.309646785,0.805911817,-0.380547208,0.794507504,-0.408540835,0.672353674,0.244158629,0.197860614,0.08138621
51,0.086557216,-0.217940245,0.098770357,-0.118089575,-9.78E-05,-0.163679119,-0.135416089,-0.145305439,-0.222212807,-0.136041348,0.197707606,-0.054791619,0.222856923,0.091348111,0.296575155,0.236254795,-0.147866953,0.100655529,-0.197707606,0.072856472,-0.370040625,0.009051144,-0.703424845,-0.04529625,-0.110312538,0.163679119,-0.172260893,0.418554643,-0.283341584,0.663958961,0.086422668,-0.254107921,0.099596081,-0.236322137,0,0,0.185969911,-0.208953259,-0.197164724,0.74589205,-0.172688471,0.727935694,-0.308432359,0.673236741,0,0,0,0,-0.692146262,-0.054387984,0.184720636,-0.227133088,0.008111261,-0.175217601,-0.056308008,-0.175501528,0.023886578,-0.031179391,0.201053852,-0.062305559,0.056308008,-0.165227684,0.072074891,0.030749623,0.18534432,-0.000237584,-0.055895381,0.175501528,-0.055908243,0.175430091,0.346574979,0.350323426,0.3467795,0.597794478,-0.040209885,0.175466046,-0.184736871,0.433532509,-0.442636601,0.608248298,0.185150973,-0.237780374,0,0,0.088885253,-0.268278719,0,0,-0.4104704,0.731721281,-0.394841938,0.71133495,-0.460030164,0.608231838,0.539969836,0.618772272,0.459861276,0.639032728,0.330726288,0.63890429,0.35156469,0.177289851,0.11718823
52,-0.182516604,-0.228818275,-0.022475524,-0.156396411,-0.068248299,-0.156814578,-0.135848021,-0.036738722,0,0,0.02231695,-0.144488112,-0.091098985,-0.011907196,-0.227500675,-0.119933342,0.045863516,0.156642364,0.068248596,0.156368602,0.203637854,0.445328519,0.567825832,0.6620224,0.045530898,0.156814578,-0.20434147,0.385527366,-0.181303054,0.710343821,-0.182499943,-0.241032399,-0.160077972,-0.241041223,0,0,-0.112906594,-0.241277879,-0.386498085,0.710127805,-0.341130521,0.733690886,-0.158715071,0.734352485,0.410030965,0.758722121,0.454753226,0.746493501,0.613501915,0.686124183,0.244145867,-0.252595039,0.015611023,-0.159775347,-0.043245152,-0.173346771,0.099463624,-0.133359345,0.385076935,-0.173581083,0.212709757,-0.146736426,0.241633316,-0.039283618,0.299585413,0.120371824,-0.015302628,0.160840703,-0.21270957,0.160510135,-0.272563591,0.400358074,-0.443801047,0.653796811,0.071372227,0.173346771,0.24183169,0.387545524,0.270932516,0.693115859,0.242836449,-0.265933984,0.299668349,-0.253689891,0.100196599,-0.266290295,0,0,0.47092299,0.733709705,0.499337352,0.707667467,0.242138965,0.706620612,-0.471191598,0.694323635,-0.500662648,0.693837383,-0.44327261,0.680312908,0.652127062,0.222386528,0.217375687
53,-0.300766739,-0.291013636,-0.142299873,-0.217466498,-0.323710491,-0.151582474,0,0,0,0,0.039213322,-0.291148054,0.33516475,-0.143316411,0.15324214,-0.250071554,0.209688957,0.249893903,0.051251229,0.291148108,0.085044929,0.578138269,0,0,0.323710491,0.209063657,0.585316683,0.578059098,0,0,-0.346755333,-0.307391392,-0.266908966,-0.34878157,-0.414683317,-0.299281738,-0.209827956,-0.421861758,0,0,0,0,0,0,0,0,0,0,0,0,0.355018285,-0.541933098,-0.064873573,-0.333801875,0.193639085,-0.341561782,0.677616936,-0.183482452,0.612808634,-0.533678139,-0.322383064,-0.333699888,0,0,0,0,0.172125551,0.341561728,0.322383064,0.341523462,0,0,0,0,0,0,0,0,0,0,0.354697172,-0.633275372,0,0,0.193875539,-0.658438327,0,0,0,0,0,0,0,0,0,0,0,0,0,0,0.604939984,0.103154078,0.201646661
54,0.184688121,-0.244524805,0.031927612,-0.144550241,-0.120051035,-0.144395359,-0.096793352,-0.055094795,0.141378179,-0.132622494,0.120051178,-0.144994891,0.423640519,-0.14485317,0.55487255,-0.177807883,0.01116321,0.144906688,-0.118532414,0.144703742,-0.163318149,0.400075318,-0.315666171,0.656016759,0.097544623,0.144994891,0.206694966,0.411240215,0.272193311,0.666699267,0.119591878,-0.266771342,0.184523354,-0.244327967,0.032322029,-0.255686431,0,0,0.489460715,0.711201211,0.510932279,0.677864019,0.249331895,0.711180851,-0.315985177,0.733228658,-0.44512745,0.700451369,-0.336821149,0.666977764,-0.190615971,-0.234049527,-0.06317209,-0.146877475,-0.154318906,-0.136167665,-0.372585853,-0.060244931,-0.517539094,-0.136499112,0.063880485,-0.157932892,0.008919647,-0.049549709,-0.118074173,-0.136477836,0.045653453,0.147171707,-0.080861759,0.157932892,-0.099477957,0.38623377,-0.190877873,0.647016871,0.154318906,0.146703569,0.263441794,0.385878415,0.445447357,0.625363431,-0.208543279,-0.266185432,-0.118320137,-0.277057051,0,0,-0.063238695,-0.244923138,0.409290163,0.690671704,0.482460906,0.669130976,0.463071611,0.64692266,-0.136461533,0.722942949,-0.226965132,0.712106409,-0.172802844,0.657717786,0.599087815,0.228381707,0.199695938
55,0.190980864,-0.268461689,-0.009008567,-0.138965863,-0.169840671,-0.157444274,-0.269064269,0.028040872,0.051624973,0.027746909,0.169840671,-0.129722932,0.49086881,-0.064879127,0.491372905,-0.194763702,-0.088771677,0.157415374,-0.169590455,0.157260941,-0.289472125,0.397791206,-0.468970644,0.666772692,0.031671377,0.157444213,0.490425405,0.39765719,0.331476005,0.666517868,0.171041787,-0.287118646,0,0,0.030650893,-0.269035468,0,0,0.51002467,0.712881384,0.510393781,0.694839616,0.271005308,0.694179835,-0.369209337,0.703973311,-0.449680193,0.704112901,-0.489606219,0.685230564,-0.250986529,-0.245227159,-0.034769664,-0.162870774,0.131099133,-0.163724902,-0.131045512,-0.099348108,-0.27511184,-0.17248395,-0.131098821,-0.144938131,-0.512337462,-0.027076801,-0.53624299,-0.153912391,-0.034681439,0.154917031,0.130494964,0.163724902,-0.03484012,0.463572689,0.130345012,0.709392529,-0.107779693,0.154728995,-0.442015332,0.418547665,-0.655159912,0.700162262,0,0,-0.226815703,-0.254488498,0,0,-0.08329743,-0.245096926,-0.846146316,0.708941292,-0.823076587,0.709531563,-0.631500977,0.718543348,-0.058993799,0.745404223,0.106150182,0.736529095,0.153853684,0.745511502,1.000117934,0.382381018,0.333372645
56,0.012291116,-0.531944839,-0.023641966,-0.352981406,-0.250564343,-0.34164176,-0.309451806,-0.110547345,-0.416289977,0.099892294,0.22679097,-0.384096619,0.583710023,-0.194397631,0,0,0.083556521,0.373470973,-0.071493768,0.342037738,0,0,0,0,0.250564343,0.384096688,0,0,0,0,-0.059035237,-0.605173266,0.048407981,-0.6051378,-0.166946562,-0.615903312,0.107686234,-0.605393155,0,0,0,0,0,0,0,0,0,0,0,0,-0.571416522,-0.463765586,0.015476817,-0.384286535,0.174438176,-0.420445472,0,0,0,0,-0.14330671,-0.348057408,-0.27012113,0.06519158,-0.825561824,-0.174021235,-0.048101993,0.420445235,0.095222583,0.420384246,0,0,0,0,-0.174438592,0.42044552,0,0,0,0,0,0,-0.572683993,-0.514688854,0,0,-0.428097763,-0.579554457,0,0,0,0,0,0,0,0,0,0,0,0,0.570031483,0.173457523,0.190010494
57,0.128156619,-0.173410551,0.128242651,-0.081701441,0.05524572,-0.163464715,-0.151990042,-0.163938556,-0.06705076,-0.164066331,0.176742695,-0.008994006,-0.067389696,0.054406071,-0.05444452,-0.036648915,-0.152610702,0.118183783,-0.176742801,0.063485181,-0.408379989,-0.018301601,-0.689027268,0.044726255,-0.127769369,0.163464755,-0.05507408,0.408969194,-0.054218951,0.69093863,0.127914415,-0.218385954,0.152759669,-0.191306901,0,0,0.238039054,-0.172999294,0.030240269,0.781614046,0.055274115,0.763692884,-0.06722187,0.709086419,-0.750309853,0.026852426,-0.761960946,-0.009273222,-0.737671722,0.045355408,0.139676562,-0.266505698,-0.051324103,-0.148145559,-0.110487151,-0.155811558,0.021572323,-0.021995626,0.154021262,-0.036773962,0.036791117,-0.125867326,0.140128193,0.022426955,0,0,0.007238282,0.148505247,-0.109923953,0.148187463,-0.315827059,0.40748683,-0.492009931,0.651815241,0.110487151,0.15581159,0.242124418,0.385399223,0.257834031,0.622072481,0.110032967,-0.274270679,0,0,0.007051656,-0.266811334,0,0,0.389578526,0.681161623,0.419202845,0.666461912,0.22798345,0.644523381,-0.550622658,0.725729353,-0.580797123,0.689109135,-0.47693765,0.674189414,0.527171386,0.215896235,0.175723795
58,0.241426024,-0.582035305,-0.011571985,-0.355694629,-0.34944126,-0.355615412,-0.120529362,-0.073995148,0.084691243,-0.355413383,0.34944126,-0.363255982,0.65055874,-0.027601603,0,0,0.036324409,0.363221229,-0.204284141,0.363255982,0,0,0,0,0.253356477,0.363164397,0,0,0,0,0.168639844,-0.62901866,0.25366645,-0.63638519,-0.048129643,-0.636744069,0,0,0,0,0,0,0,0,0,0,0,0,0,0,-0.377564461,-0.571562946,-0.024507876,-0.370172847,0.152191582,-0.369844646,-0.093005011,-0.109489628,0,0,-0.190965533,-0.378001129,-0.514305866,0.033795692,-0.809034595,-0.159859968,0.03421083,0.377982493,0.190965405,0.319172164,0,0,0,0,-0.12233619,0.378001184,0,0,0,0,0,0,-0.348315945,-0.621998816,0,0,-0.161916357,-0.621946205,0,0,0,0,0,0,0,0,0,0,0,0,0.511425848,0.142906373,0.170475283
59,-0.266118099,-0.57264627,0.021174953,-0.367620595,0.180886464,-0.367584675,-0.159730585,-0.230940821,-0.372076255,-0.384858883,-0.159596098,-0.36748928,-0.585159936,-0.162672997,-0.819113536,-0.402001553,-0.032103242,0.36760823,0.11740755,0.350620149,0,0,0,0,-0.180886604,0.367620539,0,0,0,0,0,0,-0.244589804,-0.624304151,0,0,-0.138078105,-0.632379461,0,0,0,0,0,0,0,0,0,0,0,0,0.140623674,-0.380102924,-4.50E-05,-0.222761225,-0.265795424,-0.165725759,-0.281325851,0.099276355,-0.156335741,-0.090685649,0.265795527,-0.24784308,0.624647275,-0.190141677,0.718674149,-0.247907404,0.077458127,0.247805135,-0.140311402,0.24784308,-0.265606119,0.57839061,0,0,0.250194979,0.247711298,0.374693733,0.578440555,0,0,0.09306767,-0.420978911,0.156016824,-0.421559472,-0.124305871,-0.371778647,0,0,0,0,0,0,0,0,0,0,0,0,0,0,0.717156685,0.229283984,0.239052228
60,-0.095673382,-0.328699833,-0.173340368,-0.202569567,-0.353788635,-0.15403961,-0.375980982,0.013891869,-0.229831104,-0.153426545,0.062143609,-0.230856655,0.297904481,-0.195618139,0.511470301,-0.2936589,0.264163166,0.174857286,0.173974367,0.230856684,0.140617366,0.622687286,0,0,0.353788612,0.118860549,0.263771609,0.126023977,0.624018983,0.349820528,-0.17390089,-0.363753982,-0.084154235,-0.37731267,-0.286361189,-0.356696799,0,0,0,0,0,0,0.623898076,0.35704266,0,0,0,0,0,0,0.288357269,-0.273103922,0.082476333,-0.272889427,-0.071019242,-0.412021098,-0.622247643,-0.47685855,-0.327770747,-0.58797894,0.198943197,-0.124925411,-0.315281417,0.03284004,-0.199173126,-0.263492905,-0.109293152,0.402726005,-0.198943197,0.393620719,0,0,0,0,-0.045165091,0.41202106,0,0,0,0,0.262516587,-0.338355894,0.377752357,-0.309966034,0.172869829,-0.439611044,0,0,0,0,0,0,0,0,0,0,0,0,0,0,0.309113282,0.077892089,0.103037761
61,0.180729274,-0.393177796,0.016054828,-0.262175769,-0.328017362,-0.254282144,-0.311473116,0.049107963,-0.065943749,-0.180207377,0.328017469,-0.270391641,0.671982638,-0.008149105,0.573060956,-0.106431475,0.082274598,0.262142842,-0.098478375,0.270391694,0,0,0,0,0.327136216,0.246010339,0.606511043,0.541310224,0,0,0.131101791,-0.442585616,0.213458423,-0.434123086,-0.065970665,-0.45868975,0,0,0,0,0,0,0,0,0,0,0,0,0,0,-0.505100166,-0.299401108,-0.177496404,-0.238193905,-0.047215321,-0.305897207,0.111776951,-0.027321946,0,0,-0.270861408,-0.170182635,0.018111304,0.088365064,-0.345963136,0.169794395,0.167751254,0.285381063,0.270861286,0.251567157,0.4577473,0.618914101,0,0,0.036974276,0.305897163,-0.196226232,0.618940266,0,0,0,0,-0.5422527,-0.340229932,0,0,-0.430109085,-0.381059745,0,0,0,0,0,0,0,0,0,0,0,0,0.579061521,0.115401541,0.193020507
62,0.117391015,-0.219804899,0.047525816,-0.142055034,-0.030225678,-0.143173082,-0.143119806,-0.098633185,-0.213142062,-0.0329484,0.117402054,-0.120714167,0.265687945,-0.142667781,0.465178194,-0.142193189,-0.091003211,0.121504985,-0.117401941,0.110576651,-0.100132815,0.37428698,-0.100061002,0.703511502,-0.065011805,0.143173082,-0.273672572,0.296810262,-0.447949016,0.186639088,0.108442766,-0.241176798,0.117884719,-0.230698604,0.048182609,-0.230801987,0,0,-0.534821806,0.297192726,-0.526065041,0.286052232,-0.473992319,0.11046453,-0.013092725,0.74764326,-0.065097162,0.758823166,-0.134700201,0.725828449,-0.209696701,-0.188540843,-0.063552105,-0.148395118,-0.100264452,-0.14785149,-0.373033084,-0.147996342,-0.373285069,-0.249985932,-0.045711916,-0.178460556,-0.354756265,-0.158073158,0,0,0.100024128,0.178352818,0.100264452,0.178287468,0.226897055,0.423250178,0.535735106,0.657787626,0.1000829,0.178460489,-0.209833757,0.392862929,-0.208799647,0.66834192,0,0,-0.209702173,-0.219401698,0,0,-0.173100946,-0.229905527,-0.33705813,0.678799556,-0.318062716,0.689038913,-0.190811931,0.678862703,0.372038711,0.750014068,0.372450118,0.739785791,0.626714931,0.668145535,0.502757212,0.193941021,0.167585737
63,0.492136873,-0.422571601,0.014526473,-0.268505896,-0.260923666,-0.274726764,-0.04329031,-0.021682037,0.406496425,-0.20653695,0.260923713,-0.268098974,0.52197652,-0.095562861,0.739076287,-0.231258668,0.057654776,0.268345816,-0.101778264,0.274726724,0,0,0,0,0.231909088,0.256043287,0.420493435,0.527775932,0,0,0.391875765,-0.465779906,0.506337245,-0.459717386,0.11592495,-0.472224068,0,0,0,0,0,0,0,0,0,0,0,0,0,0,-0.228410146,-0.63241644,0.006825804,-0.323033705,0.139602536,-0.340626872,-0.183792944,-0.172546825,0,0,-0.139602343,-0.314203914,-0.860397464,-0.225054291,-0.786284585,-0.437840157,-0.007025346,0.331707503,0.125554345,0.296613932,0,0,0,0,-0.125372121,0.34062693,0,0,0,0,-0.183891464,-0.659373041,-0.110489586,-0.649914065,0,0,0.11040011,-0.53541378,0,0,0,0,0,0,0,0,0,0,0,0,0.895880646,0.298200575,0.298626882
64,-0.106184807,-0.523263633,0.025421832,-0.33826131,-0.156874706,-0.338344951,-0.208115961,-0.03876357,-0.419751898,-0.030801541,0.208081293,-0.331003086,0.368042376,0.038557335,0.375877893,0.276963553,-0.113205084,0.284558606,-0.208081293,0.223224665,-0.624122107,0.046265018,0,0,-0.025706154,0.338344901,-0.594993252,0.076967518,-0.543953944,0.415594847,-0.135259177,-0.584405128,-0.047708196,-0.576781565,0,0,0.076263489,-0.523364208,0,0,0,0,0,0,0,0,0,0,0,0,0.599061613,-0.492949086,0.092824898,-0.38388238,-0.129285687,-0.383907224,-0.079946473,0.072628038,0.549432829,-0.094407772,0.351719363,-0.384138174,0.290391357,0.050773485,0.611360331,0.261076794,-0.227853374,0.384138174,-0.351719323,0.384134476,0,0,0,0,-0.043049835,0.384121295,0,0,0,0,0.549899535,-0.557583303,0.648280637,-0.550462525,0.266355212,-0.615861849,0,0,0,0,0,0,0,0,0,0,0,0,0,0,0.53696174,0.128104233,0.178987247
65,-0.507089602,-0.426000513,-0.147267341,-0.253954099,-0.005776472,-0.286855939,-0.14723483,-0.008406759,0,0,-0.301214294,-0.196930456,-0.455039586,0.131332319,-0.698786048,-0.008011516,0.186383694,0.262220222,0.301213952,0.229376242,0.211644934,0.541044703,0,0,0.083772013,0.286855994,-0.211238025,0.541083495,0,0,0,0,-0.493854435,-0.458916505,0,0,-0.314703907,-0.45849703,0,0,0,0,0,0,0,0,0,0,0,0,0.064601174,-0.262657542,-0.001046294,-0.152022287,-0.326380787,-0.144016655,-0.15282185,0.077608532,-0.08717018,-0.085389102,0.282392089,-0.181423561,0.521527639,0.011132121,0.520750127,-0.077704868,0.151153372,0.166838863,-0.065196986,0.18142361,-0.196647395,0.48501164,-0.217200464,0.692699074,0.326380787,0.159460967,0.477814533,0.470298807,0.651286097,0.692732651,-0.021199594,-0.277698167,0.150538434,-0.277819266,-0.196620735,-0.30718837,0,0,0,0,0,0,0.673619213,0.692760993,-0.218022459,0.692759117,-0.196972687,0.692811655,-0.195822792,0.692690976,0.839209376,0.167157958,0.279736459
66,0.235086512,-0.161533138,0.029425736,-0.129787232,0.05893295,-0.129204225,0.11690162,-0.016376978,0.498871996,-0.161369791,-0.000395474,-0.145657917,0.17531611,-0.064593776,0.293466798,-0.112950285,-0.030120218,0.145501111,-0.028829258,0.145658022,0.000912012,0.40306929,-0.469965103,0.596545766,-0.05893295,0.145362983,0.029153247,0.387388862,-0.060007533,0.644362531,0.2338655,-0.209966889,0,0,0.204065428,-0.241381246,0.145861165,-0.258392621,0.028712422,0.677326475,-0.000157959,0.661306372,-0.147456129,0.64518138,-0.295281982,0.741607379,-0.441444845,0.70942092,-0.501128004,0.612559327,-0.298835203,-0.217796347,0.197702011,-0.166712281,-0.301782783,-0.183065853,-0.601778996,-0.06691503,0,0,0.398221004,-0.150348564,0.298261881,-0.033888277,-0.398632386,-0.084233099,-0.102598493,0.182587205,-0.398221004,0.182211311,-0.404271574,0.433016303,-0.396706077,0.666565621,0.199103319,0.183065853,-0.002124817,0.449132406,0.195468798,0.716261955,-0.298623636,-0.25011898,-0.101831887,-0.234246456,0,0,0.294516353,-0.217654214,-0.300871214,0.733429601,0.096004639,0.74988102,0.197597533,0.732838599,-0.498878823,0.716151347,-0.501193006,0.699627062,-0.298034642,0.699980049,0.795055925,0.300270613,0.265018642
67,0.182936052,-0.271340867,0.035665206,-0.137989365,-0.255968862,-0.176024293,-0.52336622,0.014148081,-0.15914204,-0.05238263,0.255968972,-0.128311533,0.305493513,0.033695277,0.426315802,0.109761625,0.036661742,0.176024293,-0.158062642,0.175968237,-0.304719037,0.404819844,-0.35492993,0.689996075,0.232140544,0.176013338,0.427008731,0.404540932,0.475244744,0.652054303,0.085444361,-0.281085067,0.230758962,-0.281049337,-0.012632187,-0.280704184,0,0,0,0,0,0,0.476394291,0.699491061,-0.378077158,0.718914933,-0.523605709,0.718418386,-0.354658217,0.708715949,-0.37805116,-0.192403142,-0.07575663,-0.140741705,0.03741393,-0.133001957,-0.112853845,0.02984475,-0.397002489,0.096353817,-0.169596379,-0.17018901,-0.131931724,-0.029480559,-0.415116991,0.118740192,0.056260253,0.17018901,0.169596379,0.16326602,0.320560689,0.466474395,0.52769687,0.71091445,-0.075068576,0.16320404,-0.395239945,0.429530635,-0.39613835,0.711042804,0,0,-0.376907796,-0.214677208,0,0,-0.226569792,-0.236756828,0,0,0,0,-0.396018925,0.755351936,0.376884726,0.763243172,0.396196367,0.762768768,0.584883009,0.740631046,0.640839945,0.143706362,0.213613315
68,-0.082813506,-0.463195037,-0.016105698,-0.330940105,-0.239509273,-0.2647976,-0.288990125,0.140222359,-0.280673947,-0.256515282,0.239509273,-0.413287292,0.711009848,-0.446339422,0.462814979,-0.372086029,0.082671459,0.405187926,-0.074186577,0.388530896,0,0,0,0,0.231472051,0.413287346,0,0,0,0,-0.156950391,-0.520783015,-0.032814836,-0.53750139,-0.280599787,-0.529302218,0.041156428,-0.586712681,0,0,0,0,0,0,0,0,0,0,0,0,-0.514921515,-0.09921268,0,0,0,0,0,0,0,0,0,0,-0.833778809,0.636930555,-1,-0.011199933,0,0,0,0,0,0,0,0,0,0,0,0,0,0,0,0,-0.575861145,-0.252648927,0,0,-0.212392731,-0.363069445,0,0,0,0,0,0,0,0,0,0,0,0,0.608235262,0.608235262,0.202745087
69,-0.206163661,-0.500167664,-0.009973547,-0.406331686,-0.235233058,-0.39545073,-0.558858259,-0.239322895,-0.764767078,-0.500097533,0.186077848,-0.416846079,0.147158649,-0.051677689,-0.010469481,-0.32296419,0.078048995,0.406286064,-0.078838841,0.364684992,0,0,0,0,0.235232922,0.416846079,0,0,0,0,-0.225641774,-0.572047027,-0.176788644,-0.57235235,0,0,-0.078549285,-0.583153921,0,0,0,0,0,0,0,0,0,0,0,0,0.103134174,-0.263962711,-0.008041474,-0.208126363,-0.150975791,-0.213945656,-0.031394482,-0.126128569,0.11130836,-0.219781902,0.150975791,-0.18466113,0.413028193,-0.131928456,0.666752974,-0.120197175,-0.031725049,0.19052358,-0.031796255,0.167239611,0.47662401,0.149447697,0.277498686,0.483753394,-0.039543096,0.213945661,-0.095032957,0.58313628,-0.333247026,0.736037255,0.047800999,-0.263880951,0,0,-0.047737785,-0.263897258,0,0,0,0,0,0,0,0,0.413147237,0.589227066,0.357270538,0.589140608,0.214457966,0.495491768,0.450432504,0.178997982,0.150144168
70,0.37507786,-0.283636694,-0.014079996,-0.216201612,-0.264716577,-0.215985801,-0.263697971,0.054106712,0.055116016,-0.053998703,0.277965187,-0.215875195,0.458531492,-0.04714679,0.514341826,-0.013471441,-0.125367707,0.209474939,-0.277965187,0.202835998,-0.403136445,0.533800476,-0.485658164,0.648831991,0.05575546,0.216201612,0.402781682,0.581163774,0,0,0.319378512,-0.324243448,0.403368342,-0.324225973,0.097614275,-0.351133191,0,0,0,0,0,0,0,0,0,0,0,0,-0.472735341,0.648866828,0,0,-0.015164638,-0.322213427,-0.253817167,-0.101565438,-0.387895609,0.373883475,-0.746182833,0.238364089,-0.252993742,-0.135567245,-0.387204381,0.389808397,-0.745540296,0.254607695,0.253817167,0.322213332,0,0,0,0,0,0,0,0,0,0,0,0,0,0,0,0,0,0,-0.327911084,-0.610191603,0,0,0,0,0,0,0,0,0,0,0,0,0.38864744,0.097334214,0.129549147
71,0.66379568,-0.545964895,-0.048952466,-0.346205263,-0.278893568,-0.30433962,0.45234531,0.103797123,0.721106404,-0.287554713,0.144117834,-0.387560573,0.298349064,-0.029279139,0,0,0.124516854,0.378915864,-0.0292298,0.387560525,0,0,0,0,0.278893596,0.354088274,0,0,0,0,0.587313291,-0.604327228,0,0,0.279051659,-0.612439475,0,0,0,0,0,0,0,0,0,0,0,0,0,0,-0.499414641,-0.527332088,0.029884618,-0.379474536,-0.255139133,-0.379653483,-0.541813516,-0.027798356,-0.704127452,-0.324122373,0.295872548,-0.379401663,0.132193244,0.08328386,-0.479722615,-0.296091979,-0.051813342,0.361356598,-0.295872312,0.352044821,0,0,0,0,0.13271529,0.379653376,0,0,0,0,-0.520918997,-0.555490129,-0.378222005,-0.574164583,0,0,-0.051582211,-0.620346624,0,0,0,0,0,0,0,0,0,0,0,0,1.371476643,0.275848997,0.457158881
72,-0.205299495,-0.327459454,-0.016640476,-0.202426111,-0.16119881,-0.180001911,-0.494548421,-0.004239216,-0.416676114,-0.29049371,0.128397772,-0.239044542,0.394644084,0.003307529,0.505451579,0.202081853,0.06127398,0.238877826,-0.038739653,0.231662012,-0.449592552,0.599192756,0,0,0.16119881,0.239044494,-0.216109053,0.599287637,0,0,-0.238333659,-0.357118257,-0.138675384,-0.364442352,0,0,0.03856757,-0.400712363,0,0,0,0,0,0,0,0,0,0,0,0,0,0,-0.000147593,-0.00818829,0.230821469,0.091736223,0.631006345,0.533669865,0,0,-0.230821457,-0.091736277,0,0,0,0,0,0,0,0,0,0,0,0,0,0,0,0,0,0,0.769178581,-0.466330189,0,0,0.630509005,-0.44177606,0.015692375,-0.458391904,0,0,0,0,0,0,0,0,0,0,0,0,0.597054792,0.186474644,0.199018264
73,0.512132546,-0.268414383,0.012117745,0.004239789,-0.207424593,-0.01374928,0.085508287,0.50421985,0.475932379,0.077038708,0.207424593,0.013749224,0.500333266,0.586553114,0.792575407,0.168227379,0,0,0,0,0,0,0,0,0,0,0,0,0,0,0.439244265,-0.359023031,0.512901974,-0.341135835,0.146618497,-0.413446914,0,0,0,0,0,0,0,0,0,0,0,0,0,0,-0.419128077,-0.534814456,0.040836042,-0.333427405,-0.212478255,-0.317753062,-0.626285351,0.13178537,-0.672521041,-0.286895397,0.327478959,-0.356606764,-0.143145199,-0.015481248,-0.247708871,-0.395122169,-0.086193681,0.356606859,-0.327478959,0.356556967,0,0,0,0,0,0,0,0,0,0,-0.430831128,-0.596871701,-0.328067904,-0.612217959,0,0,-0.063315369,-0.643393164,0,0,0,0,0,0,0,0,0,0,0,0,0.622319427,0.164517647,0.207439809
74,-0.066770297,-0.325958563,-0.049796088,-0.218506445,-0.266955771,-0.165282057,-0.316556391,0.049673013,-0.317108018,-0.129475832,0.199235518,-0.245539218,0,0,0,0,0.09983681,0.23650475,-0.051071025,0.245539271,-0.400385739,0.629490654,0,0,0.266955871,0.21868891,0.599614261,0.55838354,0,0,-0.150158842,-0.370293278,-0.033764941,-0.370509346,-0.200986432,-0.343563044,0.065710714,-0.361263251,0,0,0,0,0,0,0,0,0,0,0,0,-0.298583004,-0.294770615,-0.043719599,-0.224856659,0.149372316,-0.209756061,-0.02934009,-0.031135833,-0.401779837,-0.147115781,-0.178829872,-0.24038009,-0.611105688,-0.085233868,-0.790478908,-0.209202164,0.059921889,0.232716545,0.178830051,0.232420966,0.209521092,0.588742442,0,0,-0.059022567,0.240380136,-0.103627364,0.620142958,0,0,0,0,-0.298262966,-0.333445364,0,0,-0.178946266,-0.379857066,0,0,0,0,0,0,0,0,0,0,0,0,0.504002858,0.159452305,0.168000953
75,-0.142627808,-0.408907115,0.000361934,-0.218414214,-0.151988141,-0.265726256,-0.438053593,-0.353239192,-0.694949502,-0.432674007,0.151988141,-0.178477635,0.066788167,0.107159152,-0.066286941,-0.115227564,4.07E-05,0.257827928,-0.104797755,0.242103956,-0.152244672,0.551657937,0,0,0.095210917,0.265726308,0.305050498,0.551676212,0,0,-0.151834521,-0.448323814,-0.076547188,-0.440300363,0,0,0.038302873,-0.416664746,0,0,0,0,0,0,0,0,0,0,0,0,0.342873919,-0.520206619,-0.009227361,-0.345668369,-0.284249872,-0.27327725,0.285068241,0.066414815,0.186590186,-0.262930786,0.284249872,-0.427665665,0.715750128,-0.191243401,0.677345643,-0.448433517,-0.107447927,0.41723706,-0.264223105,0.427665665,0,0,0,0,0.049594419,0.406998231,0,0,0,0,0.187693228,-0.55165584,0.362902417,-0.572334335,-0.126774875,-0.562061313,0,0,0,0,0,0,0,0,0,0,0,0,0,0,0.571550292,0.197831409,0.190516764
76,0.223864917,-0.200937974,0.000829579,-0.134508159,-0.120405263,-0.149717293,-0.483093213,-0.032791021,-0.258254942,-0.149359515,0.155515287,-0.083979991,0.37950107,0.032982577,0.516906787,-0.076683928,-0.052179206,0.10620683,-0.155515287,0.098442693,0.241457735,0.193564161,0.293641456,0.44919166,-0.016424793,0.14971734,-0.034793247,0.492982747,-0.224244102,0.748600934,0.138628475,-0.244332217,0.258088485,-0.229742575,0.000790758,-0.251355798,0,0,0,0,0,0,-0.241278977,0.748644202,0.172493171,0.624229928,0.121800685,0.616697369,0.258713462,0.573268286,-0.260920529,-0.353354745,0.027981963,-0.271904679,0.18331946,-0.240726545,-0.038679712,0.021826877,0,0,-0.105349965,-0.296807031,-0.583258541,-0.196827037,-0.528132227,-0.384249501,-0.072013458,0.252937396,0.061087149,0.29680699,-0.105259822,0.565725057,0,0,-0.183319315,0.209222464,-0.805941498,0.002982584,-0.805135147,0.352962047,0,0,-0.260446256,-0.396850903,0,0,-0.105239466,-0.434274908,-0.716218698,0.428073652,0,0,-0.81668054,0.415563107,0,0,0,0,0,0,0.494902738,0.201038649,0.164967579
77,0.41059157,-0.355248771,0.080819143,-0.285138849,0.071130127,-0.197323687,0.535902705,0.048031318,0.86615221,0.170901499,0.133847849,-0.390245435,0.464349592,-0.197238077,0.562546214,-0.381617883,-0.017863758,0.372504849,-0.133847819,0.390245377,0,0,0,0,0.080658676,0.328788655,0.214630482,0.530736624,0,0,0.3751882,-0.407881017,0,0,0.214382509,-0.469263434,0,0,0,0,0,0,0,0,0,0,0,0,0,0,-0.360572544,-0.499982469,0.004712947,-0.363963873,0.264537029,-0.387976553,0,0,0,0,-0.264537155,-0.331916684,-0.735462971,-0.068272002,-0.649077309,-0.443850121,-0.023983212,0.387966558,0.158665699,0.38794259,0,0,0,0,-0.187639668,0.387976501,0,0,0,0,0,0,-0.379736491,-0.563765814,0,0,-0.264453862,-0.612023473,0,0,0,0,0,0,0,0,0,0,0,0,0.495948244,0.203038298,0.165316081
78,0.142545469,-0.351591039,0.00572247,-0.233065475,-0.08507694,-0.241918571,-0.357932624,-0.164739699,-0.346153706,0.055119606,0.096723904,-0.215947406,0.358116721,-0.15649491,0.619721379,-0.233188856,-0.073200804,0.241918516,-0.096723829,0.241736079,0.642067376,0.182530122,0.017208321,0.419676126,0.006218899,0.241831567,0,0,0,0,0.107813519,-0.377433334,0.187872838,-0.376777035,-0.016868765,-0.427553021,0,0,0,0,0,0,0,0,0.01729044,0.572446951,-0.016819896,0.555097315,-0.062142727,0.394272676,0,0,0.00020735,-0.260536133,0.340020482,-0.107663039,0.236363573,0.402916299,0,0,-0.340020482,-0.402882936,-0.659979518,0.137337551,-0.484374874,0.188583772,-0.329953089,0.402882936,0,0,0,0,0,0,0,0,0,0,0,0,0,0,-0.030992346,-0.597083701,0.246647753,-0.484568949,-5.69E-05,-0.586181943,0,0,0,0,0,0,0,0,0,0,0,0,0.521751172,0.150255014,0.173917057
79,-0.295380237,-0.247758488,-0.090271107,-0.144287532,-0.35287939,-0.136821404,-0.500688826,0.025806307,-0.413178016,-0.122014241,0.118288746,-0.151919088,0,0,0,0,0.145807225,0.151729904,-0.08794135,0.15191912,-0.324183935,0.396167914,-0.294210366,0.581938096,0.352879454,0.144627819,0.352451731,0.403710817,0.440978657,0.640562661,-0.325964795,-0.255413913,-0.176903297,-0.255440856,-0.383761089,-0.255302919,-0.029885362,-0.248325413,0.382430421,0.744559176,0.44094217,0.722400837,0.411440364,0.648222222,-0.500983278,0.633417505,-0.559021343,0.625818462,-0.120187067,0.618488533,0,0,-0.017506717,-0.211567419,0.3387393,-0.188172833,0.375399117,-0.019113156,0.125198714,-0.065240274,-0.338739222,-0.242337814,-0.518139481,-0.26531839,-0.624600883,-0.434739173,-0.053572041,0.24215447,0.125243429,0.242337747,0.214392966,0.565260861,0,0,-0.215173927,0.234641338,-0.321945772,0.519103531,0,0,0,0,0,0,0.213949542,-0.380761779,-0.107019098,-0.380663156,0,0,0,0,0,0,0,0,0,0,0,0,0.389924925,0.070762802,0.129974975
80,0.016819082,-0.175406156,-0.018174978,-0.16447191,-0.374246066,-0.175245594,-0.411069861,0.047942238,-0.088523674,0.175385685,0.374293707,-0.132892049,0.232178066,0.079544031,0.016591387,-0.037291935,-0.125584739,0.164978454,-0.374293707,0.154437537,-0.377519505,0.420352606,-0.588418,0.665281858,0.053219948,0.175245594,0.088677572,0.431211514,-0.052896037,0.686383467,-0.052963762,-0.18657282,0.159470215,-0.186160692,-0.089233382,-0.239253384,0.231253974,-0.207539629,0.124139166,0.760746616,0.19510766,0.750081691,-0.090142995,0.707607203,-0.447261715,0.73934491,-0.625706293,0.707626699,-0.5184927,0.686202016,-0.255253972,-0.221943712,-0.010358715,-0.144336584,-0.132657649,-0.155551098,-0.295927204,-0.066710852,-0.439479616,-0.144721974,0.091711854,-0.133807385,0.193753324,0.04431867,-0.071452788,-0.033419415,0.051679317,0.144563981,-0.050607219,0.144116819,-0.295686676,0.388715501,-0.132495606,0.644139384,0.132657915,0.155551171,0.051054105,0.455458693,0.499852907,0.666786288,-0.254710715,-0.222285134,-0.254124212,-0.233585039,0,0,-0.112332378,-0.244511837,0.376948249,0.755488163,0.41865754,0.755345722,0.560520384,0.676992452,-0.295637556,0.666192397,-0.27475488,0.654946997,-0.092391792,0.666329315,0.7479031,0.151201754,0.249301033
81,0.273691523,-0.543787203,-0.019087774,-0.355169406,-0.411438087,-0.366719803,-0.194904435,-0.033340476,0.273903454,-0.433155745,0.411438151,-0.333215261,0.549083494,0.122181419,0.588561913,0.366551232,-0.020136019,0.366701638,-0.293579776,0.366692337,0,0,0,0,0.23523404,0.366719803,0,0,0,0,0.156969408,-0.610956067,0.294848991,-0.610397457,-0.117624456,-0.633280197,0,0,0,0,0,0,0,0,0,0,0,0,0,0,-0.378580797,-0.383427472,0.004949331,-0.354694529,0.247324063,-0.364198389,0.419249904,0.043748897,0,0,-0.247324196,-0.354164236,-0.549878933,0.072785245,-0.580750096,-0.353889597,0.136484824,0.364198262,0,0,0,0,0,0,0,0,0,0,0,0,0,0,-0.388695038,-0.441580115,-0.085694471,-0.635801738,-0.307840721,-0.548208503,0,0,0,0,0,0,0,0,0,0,0,0,0.807058304,0.146790099,0.269019435
82,0.104161837,-0.549757321,-0.011333581,-0.321870085,-0.219124448,-0.253044287,-0.257798342,0.212704304,-0.142351846,0.281537032,0.219124448,-0.391002996,0.526728839,-0.32181769,0.742201658,-0.42126297,0.042588151,0.390973981,-0.080988696,0.390994317,0,0,0,0,0.180883806,0.391002996,0,0,0,0,0.050076831,-0.608997004,0.134625,-0.589383534,-0.080771668,-0.599040113,0,0,0,0,0,0,0,0,0,0,0,0,0,0,-0.358861735,-0.258211915,0,0,0,0,0,0,0,0,0,0,-0.484088864,0.637043152,-1,0.419412011,0,0,0,0,0,0,0,0,0,0,0,0,0,0,0,0,-0.359659636,-0.314970323,0,0,-0.203332349,-0.362956848,0,0,0,0,0,0,0,0,0,0,0,0,0.41534411,0.41534411,0.138448037
83,-0.631736155,-0.294217577,0.027743716,0.020803103,-0.198383902,-0.031274477,-0.292491569,0.410517853,-0.801615851,0.210660322,0.198384149,0.031274477,-0.028752112,0.621104634,-0.782721993,0.284160662,0,0,0,0,0,0,0,0,0,0,0,0,0,0,0,0,-0.575271654,-0.368086585,0,0,-0.254265024,-0.378895366,0,0,0,0,0,0,0,0,0,0,0,0,0.366972146,-0.516102205,0.011171928,-0.362033417,-0.287403965,-0.369938449,-0.345082176,0.060834321,0.091729808,-0.158750486,0.287403965,-0.361626632,0.458724803,-0.028353191,0.654917806,-0.150099521,0.034284281,0.36991585,-0.172385436,0.369938503,0,0,0,0,0.229580147,0.369892666,0,0,0,0,0.29878165,-0.5811999,0.390214041,-0.556719463,0.091859313,-0.630061524,0,0,0,0,0,0,0,0,0,0,0,0,0,0,1.035128995,0.247597456,0.345042998
84,0.003428466,-0.365919031,0.115997786,-0.163108229,0.003266411,-0.249863626,-0.248498259,-0.11968282,-0.228621875,-0.221193275,0.22850575,-0.097505227,0.056222611,0.10497616,-0.003287036,-0.083153224,-0.175636297,0.148511587,-0.228505663,0.0686055,-0.513223451,-0.039764315,-0.718487873,-0.112315744,-0.135711854,0.249863626,-0.175508386,0.605111823,0,0,0.003259218,-0.394888154,0.029763056,-0.394772802,0,0,0.135649805,-0.394642851,0,0,0,0,0,0,-0.745162433,0.025309782,-0.77149425,0.003621703,-0.731841619,-0.119637078,0.291591042,-0.561330274,-0.012534186,-0.364813835,0.32883093,-0.364621573,0.67116907,-0.208721859,0.569725735,-0.48748657,-0.32883093,-0.36453858,-0.26593994,-0.04509897,0,0,-0.025389372,0.364687698,0.177007555,0.364813835,0,0,0,0,-0.227822582,0.356564605,0,0,0,0,0.303856746,-0.610642241,0,0,0.190313384,-0.618339452,-0.037639834,-0.635186212,0,0,0,0,0,0,0,0,0,0,0,0,0.462320976,0.129401302,0.154106992
85,0.166815673,-0.267051624,-0.044125408,-0.16789025,-0.027015617,-0.160329508,0.393742311,-0.083752853,0.552238734,-0.205822387,-0.113802299,-0.175495915,0,0,0,0,0.00884895,0.167781879,-0.027081829,0.17549589,-0.166091582,0.412277924,-0.412069058,0.656439966,0.113802414,0.160252649,0.253336588,0.389533769,0.253908058,0.618126855,0.132244832,-0.282313331,0,0,-0.008246497,-0.282548877,0,0,0.430239397,0.641010145,0.412797051,0.633362705,0.184176889,0.63384014,-0.183920071,0.709788863,-0.289215728,0.717451086,-0.447761266,0.686894386,0.134775476,-0.156149083,0.117184507,-0.064101342,0.056188949,-0.137706816,-0.091331282,-0.210634569,-0.273574934,-0.219817581,0.169673359,0.009362453,0.282666478,0.000186225,0.265308238,-0.156304871,-0.152497887,0.073268505,-0.169673359,0.00044431,-0.395573335,-0.082623574,-0.665146705,-0.201594618,-0.143643737,0.137706816,-0.100147763,0.403863596,-0.143301644,0.706643281,0.134839206,-0.192671373,0.178267012,-0.156241895,0,0,0.204823658,-0.119118608,-0.021594125,0.780031734,-0.013329819,0.743246616,-0.161111343,0.733994806,-0.70900651,-0.174257142,-0.717333522,-0.211046852,-0.691345553,-0.219968236,0.538200624,0.231307352,0.179400208
86,0.030005535,-0.161945287,-0.000263489,-0.161754067,-0.134334995,-0.152459191,-0.23813816,0.004534081,-0.223221205,-0.103419013,0.134334898,-0.152607768,0.313115682,-0.015339388,0.358457081,0.083299753,0.00065594,0.161652589,-0.104467404,0.161754099,-0.164201708,0.474673861,-0.239072429,0.719699562,0.119516152,0.161542871,0.34287452,0.406632826,0.462013548,0.670961412,0.00057911,-0.181796633,0.089341922,-0.172064201,-0.030421026,-0.221149138,0.118829949,-0.191419893,0.611972107,0.759083424,0.716113249,0.778542517,0.447170299,0.70032537,-0.238661722,0.77885083,-0.283886751,0.778448126,-0.238245352,0.739443755,-0.326323272,-0.23343624,-0.044157957,-0.15547098,0.108580676,-0.164945253,0.238410959,-0.087761514,0.108365801,0.058145635,-0.195276785,-0.136196767,0.087158261,-0.029079298,0.173833905,0.058306514,0.152122715,0.155023955,0.195276785,0.145286951,0.325284425,0.41721621,0.629685327,0.59171195,0.131103048,0.164945221,0.021233974,0.446144224,-0.0649312,0.718317915,0,0,-0.282265931,-0.252698825,0,0,-0.195233867,-0.242981867,0,0,0,0,-0.043853835,0.747301207,0.564825468,0.679660014,0.564251615,0.669916401,0.673676728,0.591554884,0.455652622,0.161219679,0.151884207
87,-0.077674222,-0.237966753,0.016041461,-0.150484232,-0.109363303,-0.179423869,-0.265934848,-0.131281793,-0.110393466,-0.199057022,0.156319356,-0.121721994,0.171761591,0.053540647,0.109084726,-0.072886373,-0.062902664,0.179287426,-0.156319605,0.169738688,-0.421944757,0.4217791,-0.234730227,0.616698253,0.031949485,0.179423946,0.31210745,0.442050881,0.45300872,0.655191308,-0.093584486,-0.266912771,-0.000707023,-0.267027866,0,0,0.077897283,-0.2668956,0.530626928,0.732972096,0.578055243,0.703983613,0.421998282,0.655813035,-0.374930076,0.713439147,-0.375487728,0.674894887,-0.20345341,0.645278027,-0.11023501,-0.171139435,-0.122046863,-0.085732208,-0.191743883,-0.066848413,-0.191864623,0.066569599,-0.238212716,0.047490255,-0.063522891,-0.09528766,0.11050224,-0.076102177,0.017671188,-0.104602498,0.157269658,0.057362949,0.111129976,0.09528766,0.11055161,0.371364171,0.179926611,0.619067289,0.191743837,0.018999038,0.436260685,-0.142879768,0.750162723,-0.323739384,-0.156888866,-0.172001143,-0.087738301,-0.181121076,-0.192027509,-0.171251113,-0.086906692,-0.171527121,0,0,0,0,0.761787284,-0.323961905,0.029073999,0.676038114,0.029642639,0.666596426,0.203182494,0.657165965,0.368133304,0.136221279,0.122711101
88,0.200277957,-0.194166191,0.053529721,-0.14815343,-0.091526477,-0.17079884,-0.236299479,-0.011277546,-0.055090759,-0.091165891,0.18175082,-0.125478286,0.490550174,-0.057049164,0,0,-0.073437831,0.170398683,-0.181751058,0.17017756,-0.237415118,0.42060719,-0.419191424,0.648292608,0.036151807,0.170798802,0.219144502,0.431915847,0.217984561,0.6480534,0.19943313,-0.239031549,0.217968127,-0.216283579,0.071823203,-0.27260734,0,0,0,0,0,0,0.19983899,0.682158665,-0.418952052,0.727392697,-0.509449826,0.7162224,-0.43731937,0.670685003,0,0,-0.115014352,-0.165024778,0.063235659,-0.165086654,0.115401371,-0.035064282,0,0,-0.293828458,-0.164957046,0,0,0,0,0.116465841,0.164822268,0.293828793,0.164523721,0.166445266,0.405003364,0.447954183,0.664736931,0.062885195,0.165086654,-0.243909735,0.425114579,-0.115265881,0.724473024,0,0,0,0,-0.116377973,-0.25520327,-0.29583331,-0.235451398,-0.500177579,0.724973525,-0.47461086,0.725322332,-0.088786951,0.74479673,0.192119304,0.705001768,0.293945167,0.684975824,0.499822421,0.704921405,0.426323308,0.093043237,0.142107769
89,0.318542872,-0.333247917,0.070704855,-0.297242956,0.185852565,-0.243371887,0.469140545,-0.018261587,0.814147435,0.02667796,-0.062130654,-0.351155505,0,0,0,0,-0.141759711,0.341724567,-0.133064344,0.351155505,0,0,0,0,-0.185852536,0.306077906,0.176751248,0.576388892,0,0,0.301217992,-0.37854765,0,0,0.212411107,-0.423611167,0,0,0,0,0,0,0,0,0,0,0,0,0,0,-0.549973891,-0.401435209,-0.098332946,-0.411010461,0.058599524,-0.450567897,0.117169268,-0.014967313,0,0,-0.254589444,-0.400808453,-0.451731571,-0.0148028,-0.745410556,-0.252575642,0.214818284,0.420645129,0.254589444,0.401005039,0,0,0,0,0.195248739,0.450567962,0,0,0,0,0,0,-0.569102372,-0.470163603,0,0,-0.3927603,-0.549432006,0,0,0,0,0,0,0,0,0,0,0,0,0.446455761,0.175231992,0.148818587
90,0.199901571,-0.271508655,-0.000131762,-0.209070195,-0.044747687,-0.216864232,0.122395273,-0.092924624,0.277834424,-0.16295195,0.066550233,-0.193828293,0.133153258,-0.007784652,0.17795221,-0.015523649,8.12E-05,0.216735991,-0.088895535,0.216864232,-0.199458,0.535179748,-0.72216554,0.666702768,0.088895608,0.209318359,0.211331893,0.519376889,0.244806253,0.66693125,0.15601143,-0.294880722,0.222306573,-0.294782918,0.055489747,-0.333068775,0,0,0,0,0,0,0.244658929,0.666925974,0,0,0,0,0,0,-0.357231286,-0.537946039,0.006073687,-0.375921564,-0.206410281,-0.366502319,-0.419039898,-0.157292327,-0.656255723,-0.081083272,0.206410281,-0.385810822,0.343744277,0.005135986,-0.143599153,-0.17617269,0.068566026,0.385640712,-0.031106495,0.3855541,0,0,0,0,0.156390815,0.385810822,0,0,0,0,0,0,-0.356550995,-0.604341623,0,0,-0.206413718,-0.614189147,0,0,0,0,0,0,0,0,0,0,0,0,0.677231846,0.215302302,0.225743949
91,0.164426427,-0.373185472,-0.007472567,-0.224210564,-0.320312427,-0.214576368,-0.351221021,0.126941869,-0.210461778,0.021702952,0.320312427,-0.276350445,0.586633254,-0.013375845,0.648778928,-0.083751278,0.086643683,0.267542727,-0.085447107,0.276350387,-0.194776043,0.565813102,0,0,0.305670935,0.258672171,0.50822288,0.565800821,0,0,0.070884133,-0.425848831,0.196000938,-0.42545757,-0.085602404,-0.434186956,0,0,0,0,0,0,0,0,0,0,0,0,0,0,-0.348136451,-0.438012326,0.082788733,-0.388271994,0.246906015,-0.421352331,-0.297363897,-0.099309074,-0.639671044,-0.347232575,-0.082143481,-0.379946321,-0.627118961,-0.025029242,-0.753093985,-0.388382712,-0.107531333,0.4212867,0.069598358,0.346954862,0,0,0,0,-0.246905849,0.421352331,0,0,0,0,0,0,-0.398622171,-0.511982981,0,0,-0.2216726,-0.578647696,0,0,0,0,0,0,0,0,0,0,0,0,0.947911797,0.206440907,0.315970599
92,-0.214929905,-0.254807844,-0.018441368,-0.166610443,-0.136860455,-0.186234239,-0.313613889,-0.225227205,-0.489647298,-0.205529542,0.136860711,-0.127426012,0.000262341,0.049060995,-0.039249962,-0.087735024,0.059010991,0.176374475,-0.019018158,0.166674757,0.17674291,0.392356067,0.450748492,0.597524287,0.118282013,0.186234239,-0.05816878,0.431303443,-0.039096716,0.69590071,-0.196330927,-0.274514227,-0.17651779,-0.274199457,0,0,-0.03800731,-0.255250535,-0.196095539,0.696414961,-0.156508025,0.725485773,-0.019829566,0.715750532,0.274819301,0.64707677,0.29461986,0.617871816,0.510352702,0.607169758,0.410748463,-0.271125838,0.053640325,-0.147599118,-0.161469276,-0.13800286,0.089434694,0.033239774,0.375073859,-0.09978028,0.161468808,-0.166354844,0.4103087,-0.023507717,0.660137122,-0.042563436,0.088931306,0.157161814,-0.017594262,0.166354782,0.160369401,0.404554598,0.126280751,0.68997028,0.126448235,0.157002478,0.089129199,0.385669298,-0.198231591,0.632717136,0.374364624,-0.28084924,0.4120336,-0.280971715,0.090063462,-0.2808979,0,0,-0.017584438,0.69014624,-0.053637051,0.652233676,-0.339862878,0.651898193,0.483097429,0.718203649,0.375914555,0.719028285,0.088731541,0.709336264,0.819397495,0.298345645,0.273132498
93,0.215399309,-0.584343402,0.012877123,-0.340764224,-0.265800325,-0.303722585,0.050543863,0.01421475,0.290726413,-0.303824204,0.265800304,-0.350743658,0.532255482,-0.042051729,0.734199696,-0.209963454,0.088191761,0.341363719,-0.089285633,0.350743719,0,0,0,0,0.240815889,0.322933843,0,0,0,0,0.126715378,-0.640264891,0.227414131,-0.64925625,-0.075528154,-0.593875861,0,0,0,0,0,0,0,0,0,0,0,0,0,0,-0.457392053,-0.556577529,0.050816538,-0.346760331,0.084844311,-0.362949706,-0.40654804,-0.024262452,-0.6776814,-0.274074517,0.033123302,-0.322659479,-0.338636075,0.104616498,-0.915155689,-0.064357778,-0.050809448,0.347000883,0.050367184,0.338802359,0,0,0,0,-0.084843868,0.362949653,0,0,0,0,-0.473931547,-0.612888354,-0.372903149,-0.613072568,0,0,-0.084707821,-0.63705032,0,0,0,0,0,0,0,0,0,0,0,0,1.064722756,0.365259659,0.354907585
94,-0.174257793,-0.546963725,0.012836505,-0.360820447,0.232888192,-0.309350389,0.216275746,0.123714258,0,0,-0.224591526,-0.38140253,-0.581040897,-0.123307484,-0.767111808,-0.206814934,-0.09734737,0.381386212,0.038397145,0.381402413,0,0,0,0,-0.232888289,0.38133221,0,0,0,0,0,0,-0.173860737,-0.618219516,0.03833092,-0.598126267,-0.105768665,-0.618597646,0,0,0,0,0,0,0,0,0,0,0,0,-0.126585865,-0.342574761,-0.107781223,-0.342719291,-0.5,-0.247027709,-0.126555402,0.150436832,-0.126321633,-0.137348244,0.323356056,-0.451986839,0.459869915,0.027105316,0.323147393,-0.301541276,0.264335744,0.437330719,0.009746447,0.451986839,0,0,0,0,0.5,0.382992553,0,0,0,0,-0.20543081,-0.42445113,-0.010178501,-0.438499897,-0.420609853,-0.52066213,0.048687266,-0.548013161,0,0,0,0,0,0,0,0,0,0,0,0,0.553879777,0.11829945,0.184626592
95,0.172554591,-0.482516089,0.00018638,-0.412646557,-0.23012684,-0.413148484,-0.241371482,-0.086872548,-0.114796944,-0.307689103,0.230126775,-0.412697564,0.482829377,-0.331302701,0.758628518,-0.319049089,-0.045372012,0.413103439,-0.195390185,0.413148352,0,0,0,0,0.126560135,0.401758424,0,0,0,0,0.137607006,-0.517246163,0.206459641,-0.505723283,-0.034611551,-0.586851648,0,0,0,0,0,0,0,0,0,0,0,0,0,0,0,0,0.018518741,-0.384585128,0.315023717,-0.384643736,0,0,0,0,-0.278528653,-0.384445127,-0.684976283,-0.144544677,0,0,-0.055555802,0.384643682,0.203028392,0.384565903,0,0,0,0,-0.315023507,0.375236281,0,0,0,0,0,0,-0.444470234,-0.519346108,-0.093017226,-0.615356318,-0.389040919,-0.538427823,0,0,0,0,0,0,0,0,0,0,0,0,0.523071244,0.143353997,0.174357081
96,0,0,0.023115113,-0.197167973,0.291040144,-0.225496998,0.706995254,-0.014761314,0.682073905,-0.177965429,-0.293004794,-0.168364004,-0.122657667,0.004364408,0.29253405,-0.052921241,0.145120459,0.216286081,0.293004746,0.225496922,0.365016475,0.552775781,0.267412507,0.629876345,0.022968111,0.216123833,0.365427693,0.36030859,0.340619787,0.629801578,0,0,0,0,0.121940985,-0.369967422,-0.123803555,-0.351057244,0,0,0,0,0,0,0.316778224,0.629997098,0.29253347,0.630032578,0,0,-0.341768359,-0.221048552,-0.051952127,-0.146018995,-0.078535045,-0.145955313,-0.288791586,-0.037728454,-0.499388356,-0.020940474,0.000398115,-0.146016585,-0.235993256,-0.062584389,-0.710117762,-0.062569599,0.052921804,0.145946763,0.026253932,0.145932897,-0.078215637,0.354376499,0.184131496,0.545973688,0.078534837,0.146019061,-0.315042603,0.40423805,-0.287654501,0.670903585,-0.446916723,-0.245849025,-0.314968268,-0.254046522,0,0,-0.104858314,-0.2540763,-0.525018047,0.745657583,-0.446090301,0.745923667,-0.157630616,0.687664363,-0.077852087,0.59588073,0.026286622,0.562726543,0.289882238,0.562601358,0.693951004,0.240136458,0.231317001
97,0.080782044,-0.267441695,0.017137851,-0.171236821,-0.129676262,-0.197369876,0,0,0,0,0.257713302,-0.162435341,0.386613406,-0.021606457,0.435795915,0.039704067,-0.128956988,0.179690199,-0.257713302,0.136106984,-0.241746758,0.355365943,-0.564204085,0.513227757,-0.000172523,0.197369876,0.128112905,0.539574662,-0.257715109,0.688852006,0.017028862,-0.302707543,0.129772532,-0.302309666,-0.016558815,-0.311147994,0.225596845,-0.302191922,-0.193558901,0.688813789,-0.193510992,0.688832757,-0.257428949,0.688809714,-0.37052651,0.609740339,-0.515916988,0.688838799,0,0,0,0,0.025987108,-0.292128616,0.215833577,-0.283467976,0.76704401,-0.226300014,0.681073785,-0.405537972,-0.198781658,-0.292326471,0.094732065,-0.226548484,0.249890651,-0.358519355,-0.060993055,0.273417521,0.094364922,0.292326471,0.232854585,0.55656964,0,0,-0.215833577,0.254488475,-0.232955955,0.556663014,0,0,0.353000075,-0.434024386,0,0,0.284398866,-0.433795104,-0.043233478,-0.443336986,0,0,0,0,0,0,0,0,0,0,0,0,0.200980169,0.07844258,0.06699339
98,-0.050279386,-0.232687829,-0.000204352,-0.143979537,-0.27423874,-0.153431093,-0.474260006,-0.064667899,-0.425421973,-0.103927188,0.274238453,-0.143976588,0.525739994,0.00472178,0.325643063,-0.113825553,0.074691237,0.153303595,-0.098958065,0.153431093,-0.024836031,0.381068814,0.275419566,0.579239608,0.175028747,0.153254025,0.074031752,0.371367537,0.250592706,0.668126556,-0.075932537,-0.262456711,0.049541656,-0.26248507,-0.126032219,-0.252445538,0.12445874,-0.252606215,1.52E-05,0.737073623,0.124986959,0.737514874,0.301281654,0.698059121,0.098743395,0.658267042,0.099514658,0.648183386,0.326639026,0.589001458,0,0,-0.019777333,-0.125438123,-0.145507936,-0.107203682,-0.228433254,0.098265571,0.31286542,0.160070136,0.104724813,-0.169908885,0.14685509,0.017256534,0.477265934,0.088952366,-0.019580933,0.169224508,-0.143878575,0.169908834,0.478973474,0.437191499,-0.229873841,0.67834922,0.145508413,0.160402736,0.563187789,0.419620161,-0.142752133,0.660246766,0,0,0,0,0.478971567,-0.25002695,0,0,0.51941671,0.669550767,0.271219947,0.660930069,-0.229071078,0.660662312,-0.061163959,0.74997305,-0.145395435,0.749957914,-0.436812211,0.687563014,0.484924264,0.108963822,0.161641421
99,-0.500673215,-0.122053166,0.039158613,0.007257598,-0.166634702,-0.137077588,-0.548111214,-0.137318814,-0.833365176,-0.121729879,0.166634824,0.137077464,-0.055386844,0.76660553,-0.420749735,0.169407294,0,0,0,0,0,0,0,0,0,0,0,0,0,0,0,0,-0.500262933,-0.217740952,0,0,-0.34136017,-0.23339447,0,0,0,0,0,0,0,0,0,0,0,0,0.42852708,-0.337222533,0.098640921,-0.260514771,-0.211226507,-0.337000583,-0.407740395,-0.130131808,0.07796291,-0.163069132,0.407783354,-0.184508155,0.572909638,0.022080344,0.592216646,0.03285622,-0.231889168,0.293748223,-0.407783334,0.271976524,0,0,0,0,-0.025838789,0.337000583,0.283744523,0.554551363,0,0,0.407641385,-0.412259324,0.469669911,-0.369522375,0.242729876,-0.445448637,0,0,0,0,0,0,0,0,0,0,0,0,0,0,0.501445306,0.13572454,0.167148435
100,-0.186645343,-0.580863733,0.005730436,-0.318080557,-0.295318894,-0.368757755,-0.489045663,-0.076050165,-0.633358242,-0.288041949,0.295319032,-0.287976101,0.366641758,0.136394124,0.005320686,-0.075791393,-0.03065185,0.368700802,-0.223609993,0.368620859,0,0,0,0,0.16220289,0.36875787,0,0,0,0,-0.187236116,-0.631242072,-0.091378978,-0.621269347,0,0,0.101698561,-0.610702081,0,0,0,0,0,0,0,0,0,0,0,0,0.506634082,-0.569803671,0.020923876,-0.321925175,0.159727836,-0.275431993,0.756308712,0.011573887,0.840272164,-0.321754838,-0.117862861,-0.375816723,0.298944274,-0.143412631,0.728230256,-0.27526724,-0.034119339,0.375816768,0,0,0,0,0,0,-0.159727876,0.375814906,0,0,0,0,0.479047472,-0.624183188,0,0,0.29907547,-0.623425666,0,0,0,0,0,0,0,0,0,0,0,0,0,0,0.786358937,0.218186344,0.262119646
101,0.374538566,-0.292740031,0.039029753,-0.158303232,0.290039666,-0.158574276,0.663144637,-0.023945766,0.70689549,-0.10067949,-0.290039666,-0.158202203,-0.166943351,0.004584936,0.373625798,-0.071840971,0.041122196,0.149541317,0.249029522,0.158574332,0.124143258,0.39945631,0.08441426,0.677937388,-0.207952051,0.149443626,-0.207314845,0.379531918,-0.251704829,0.591424889,0.332561792,-0.302680141,0.374644367,-0.302951073,0.082806095,-0.292830935,0,0,-0.125907719,0.630023379,-0.249388762,0.620109472,-0.29310451,0.610966193,0.416113299,0.687597052,0.414039131,0.697048982,0.041780081,0.69686072,-0.018619908,-0.214056237,-0.01811263,-0.157504431,-0.169733407,-0.168651064,-0.226230995,-0.011204745,-0.056695869,-0.112634424,0.169733407,-0.135223711,0.227563718,0.011250442,0.151529498,-0.101686308,-0.037650791,0.168621358,-0.131942421,0.168537764,-0.338935734,0.426651737,-0.566039998,0.550241686,0.093799639,0.168651129,0.226144738,0.426338035,0.264345171,0.651502358,-0.055558152,-0.258507043,0.056262182,-0.247587269,-0.074584231,-0.258622422,0.093713163,-0.236456367,0.246607485,0.741377578,0.358788133,0.730049198,0.245966564,0.695961224,-0.565734059,0.640133416,-0.641211867,0.628608079,-0.622641748,0.550274577,0.526911235,0.166258629,0.175637078
102,0.110837264,-0.291842669,0.018771701,-0.183726635,-0.055701618,-0.184502879,-0.036315621,-0.091841469,0.148319524,-0.169154005,0.110888977,-0.169117531,0.259600474,-0.045315908,0.278023886,-0.169046663,-0.036667005,0.184358083,-0.110888977,0.170084103,-0.332132085,0.400556369,-0.500457075,0.661869098,0.074114716,0.184502756,0.27845829,0.307755672,0.352366227,0.569724206,0.092978277,-0.306923737,0.111443088,-0.292230791,0.018860689,-0.292450005,0.111651414,-0.291947441,0.481830734,0.58565006,0.463598264,0.569939135,0.29645459,0.600729415,-0.518169302,0.693076263,0,0,-0.500774223,0.677371948,-0.15239819,-0.265529973,0.233312016,-0.140844285,0.227770407,-0.141219103,-0.380922857,-0.07790516,-0.462414581,-0.109393923,0.309013153,-0.125828538,-0.228794394,-0.000859001,-0.536675548,-0.109491356,-0.305040477,0.140801533,-0.309013153,0.140342206,-0.383718986,0.390481987,-0.385149393,0.624303848,-0.229283808,0.141219228,-0.308857541,0.391176073,-0.383708002,0.64020283,0,0,0.076773943,-0.281595486,0,0,0.305499379,-0.250967588,-0.690986847,0.702966102,-0.460409326,0.718404514,-0.382286138,0.65644581,-0.460235407,0.640837636,-0.460025484,0.640344754,-0.383060535,0.640027599,0.847025694,0.291043589,0.282341898
103,-0.14848961,-0.518409044,-0.165519041,-0.263525329,-0.239618666,-0.191065082,0.08263403,-0.236478934,0.305808135,-0.436222955,-0.099110261,-0.336254458,0.140578742,-0.209218512,0.239788398,-0.372824284,0.165563955,0.236229932,0.099206414,0.336254502,0,0,0,0,0.239618627,0.145740755,0.694160156,0.418102064,0,0,-0.214694419,-0.518442105,-0.16516305,-0.581897893,-0.305839883,-0.436511412,0,0,0,0,0,0,0,0,0,0,0,0,0,0,0,0,-0.141304393,-0.290474905,0.11324993,-0.39155294,0.018937782,-0.383710763,0,0,-0.405682707,-0.174899218,-0.44297697,0.06568961,-0.594317113,-0.158815971,0.235981931,0.329409413,0.405682887,0.259478718,0,0,0,0,0.075247816,0.391552903,0,0,0,0,0,0,0,0,-0.122722252,-0.608447097,-0.4054686,-0.484979343,0,0,0,0,0,0,0,0,0,0,0,0,0.391041987,0.084720098,0.130347329
